Minister,Date,Schedule Time,Start Time,End Time,Title,Type,Portfolio,Location,Notes,Attendees Text,Attendees Names
Andrew Hoggard,5/29/2024,6:00 PM - 7:30 PM,6:00 PM,7:30 PM,"Speaker Invites New MPS to an IDNAD (Information, Discussion, Nibbles and Drinks)",ATTEND,Ministerial,Parliament Buildings,,Event Attendees,
Andrew Hoggard,5/8/2024,5:30 PM - 7:30 PM,5:30 PM,7:30 PM,2024 Europe Day Reception,ATTEND,Ministerial,Parliament Buildings,,Event Attendees,
Andrew Hoggard,5/28/2024,5:45 PM - 7:30 PM,5:45 PM,7:30 PM,71st Everest Day at Parliament,ATTEND,Ministerial,Parliament Buildings,,Event Attendees,
Andrew Hoggard,10/4/2024,12:00 PM - 4:00 PM,12:00 PM,4:00 PM,AgResearch Grasslands,ATTEND,Associate Environment,Palmerston North,,Attendees,
Andrew Hoggard,4/10/2024,12:00 PM - 1:30 PM,12:00 PM,1:30 PM,Agrizero Event,ATTEND,Ministerial,Parliament Buildings,,Event Attendees,
Andrew Hoggard,5/23/2024,4:30 PM - 6:30 PM,4:30 PM,6:30 PM,Announcement of the 2024 Freshwater Champions Aotearoa New Zealand,ATTEND,Associate Environment,Te Papa,,Event Attendees,
Andrew Hoggard,6/7/2024,1:45 PM - 2:40 PM,1:45 PM,2:40 PM,Avocado Orchard Visit,ATTEND,Biosecurity,Te Puke,,NZ Avocado Representatives,
Andrew Hoggard,6/14/2024,10:00 AM - 10:45 AM,10:00 AM,10:45 AM,Battle of the New Zealand Young Farmer Grand Finalists,ATTEND,Associate Agriculture,Mystery Creek,,Event Attendees,
Andrew Hoggard,6/13/2024,2:30 PM - 6:00 PM,2:30 PM,6:00 PM,Bi-Lateral Meeting with Chinese Delegation,ATTEND,Ministerial,Government House,,Multiple Ministers & Chinese Delegation,
Andrew Hoggard,7/24/2024,10:00 AM - 5:30 PM,10:00 AM,5:30 PM,Biodiversity Stewardship Pilot Trip,ATTEND,Associate Environment,South Australia,,Attendees,
Andrew Hoggard,9/11/2024,7:00 AM - 8:30 AM,7:00 AM,8:30 AM,"Breakfast with Minister Grigg, DairyNZ & Dairy Companies Assoc of NZ",ATTEND,Food Safety,Wellington,,Attendees,
Andrew Hoggard,10/3/2024,2:00 PM - 3:00 PM,2:00 PM,3:00 PM,Craigmore Sustainables,ATTEND,Associate Environment,Canterbury,,Attendees,
Andrew Hoggard,6/6/2024,5:30 PM - 8:30 PM,5:30 PM,8:30 PM,Fed Farmers Meeting with other Farmers and Councils,ATTEND,Associate Environment,Te Puke,,Event Attendees,
Andrew Hoggard,6/12/2024,11:00 AM - 11:30 AM,11:00 AM,11:30 AM,Federated Farmers and Fieldays Rural Advocacy Hub Opening,ATTEND,Associate Agriculture,Mystery Creek,,Event Attendees,
Andrew Hoggard,10/11/2024,8:00 AM - 5:00 PM,8:00 AM,5:00 PM,Feilding Rural Day,ATTEND,Ministerial,Palmerston North,,Attendees,
Andrew Hoggard,7/24/2024,7:00 PM - 9:00 PM,7:00 PM,9:00 PM,FMM Ministers' Dinner,ATTEND,Food Safety,Adelaide,,FMM Ministers,
Andrew Hoggard,7/25/2024,9:30 AM - 1:30 AM,9:30 AM,1:30 AM,Food Ministers' Meeting,ATTEND,Food Safety,Adelaide,,Food Ministers,
Andrew Hoggard,9/18/2024,5:30 PM - 6:30 PM,5:30 PM,6:30 PM,FSANZ Stakeholder Event,ATTEND,Food Safety,Wellington,,Attendees,
Andrew Hoggard,9/10/2024,6:00 PM - 7:30 PM,6:00 PM,7:30 PM,Function to launch a Report commissioned by Zespri and CMA CGM,ATTEND,Associate Environment,Wellington,,Attendees,
Andrew Hoggard,6/13/2024,2:00 PM - 2:30 PM,2:00 PM,2:30 PM,Greeting of Chinese Delegation,ATTEND,Ministerial,Government House,,Multiple Ministers & Chinese Delegation,
Andrew Hoggard,5/24/2024,10:00 AM - 12:00 PM,10:00 AM,12:00 PM,Growing Future Farmers Farm Visit,ATTEND,Associate Agriculture,Taihape,,Growing Future Farmers Representatives,
Andrew Hoggard,10/9/2024,12:00 PM - 2:00 PM,12:00 PM,2:00 PM,Heli Flight,ATTEND,Biosecurity,Marlborough,,Officials & DOC & John Oswald,John Oswald
Andrew Hoggard,10/17/2024,5:45 PM - 6:30 PM,5:45 PM,6:30 PM,Horticulture NZ Graduation,ATTEND,Associate Agriculture,Wellington,,Attendees,
Andrew Hoggard,10/17/2024,12:00 PM - 12:45 PM,12:00 PM,12:45 PM,Horticulture NZ Leadership Programme Q & A Session,ATTEND,Associate Agriculture,Wellington,,Attendees,
Andrew Hoggard,9/5/2024,10:00 AM - 11:00 AM,10:00 AM,11:00 AM,Investiture Ceremony,ATTEND,Ministerial,Wellington,,Attendees,
Andrew Hoggard,5/3/2024,9:00 AM - 11:00 AM,9:00 AM,11:00 AM,Kaipara Moana Meeting,ATTEND,Associate Environment,Auckland,,Event Attendees,
Andrew Hoggard,9/11/2024,6:15 PM - 7:15 PM,6:15 PM,7:15 PM,Kellogg Function,ATTEND,Associate Agriculture,Wellington,,Attendees,
Andrew Hoggard,6/7/2024,10:00 AM - 10:50 AM,10:00 AM,10:50 AM,Kiwifruit Orchard Visit,ATTEND,Biosecurity,Te Puke,,Kiwifruit Vine Health Representatives,
Andrew Hoggard,6/7/2024,11:00 AM - 12:00 PM,11:00 AM,12:00 PM,Kiwifruit/ Avocado Packhouse Visit,ATTEND,Biosecurity,Te Puke,,Kiwifruit Vine Health & NZ Avocado Representatives,
Andrew Hoggard,6/12/2024,8:00 AM - 9:55 AM,8:00 AM,9:55 AM,KPMG Agribusiness Agenda Launch Breakfast,ATTEND,Associate Agriculture,Mystery Creek,,Event Attendees,
Andrew Hoggard,6/12/2024,10:15 AM - 10:45 AM,10:15 AM,10:45 AM,Launch of the Science for Farmers Site,ATTEND,Associate Agriculture,Mystery Creek,,Event Attendees,
Andrew Hoggard,8/1/2024,7:00 AM - 8:30 AM,7:00 AM,8:30 AM,Leadership Breakfast with leaders in biology and chemistry innovation,ATTEND,Food Safety,Wellington,,Attendees,
Andrew Hoggard,10/3/2024,3:30 PM - 4:30 PM,3:30 PM,4:30 PM,Lincoln University Dairy Farm,ATTEND,Associate Environment,Canterbury,,Attendees,
Andrew Hoggard,9/12/2024,12:30 PM - 1:45 PM,12:30 PM,1:45 PM,Manawatu Chamber of Commerce - Lunch Meeting,ATTEND,Ministerial,Palmerston North,,Event Attendees,
Andrew Hoggard,9/12/2024,6:00 PM - 10:00 PM,6:00 PM,10:00 PM,Manawatu Club Dinner,ATTEND,Ministerial,Palmerston North,,Event Attendees,
Andrew Hoggard,10/14/2024,9:50 AM - 3:30 PM,9:50 AM,3:30 PM,Marlborough Marine Biosecurity Community,ATTEND,Biosecurity,Marlborough,,Event Attendees,
Andrew Hoggard,10/11/2024,6:00 PM - 9:30 PM,6:00 PM,9:30 PM,"Massey Agriculture, Horticulture and Environmental Science Awards",ATTEND,Ministerial,Palmerston North,,Attendees,
Andrew Hoggard,5/8/2024,8:00 PM - 8:45 PM,8:00 PM,8:45 PM,Ministerial Group,ATTEND,Ministerial,Parliament Buildings,,Multiple Ministers,
Andrew Hoggard,5/22/2024,6:30 PM - 7:30 PM,6:30 PM,7:30 PM,Ministerial Group,ATTEND,Ministerial,Parliament Buildings,,Multiple Ministers,
Andrew Hoggard,6/11/2024,11:00 AM - 11:45 AM,11:00 AM,11:45 AM,Ministerial Group Meeting,ATTEND,Ministerial,Microsoft Teams Meeting,,Multiple Ministers,
Andrew Hoggard,5/20/2024,1:30 PM - 3:00 PM,1:30 PM,3:00 PM,MPI Animal Health Lab,ATTEND,Biosecurity,Wellington,,MPI Officials,
Andrew Hoggard,6/13/2024,8:30 AM - 9:30 AM,8:30 AM,9:30 AM,MPI Event - SOPI 2024,ATTEND,Associate Agriculture,Mystery Creek,,Event Attendees,
Andrew Hoggard,6/14/2024,11:30 AM - 12:00 PM,11:30 AM,12:00 PM,MPI Science Hub,ATTEND,Associate Agriculture,Mystery Creek,,Event Attendees,
Andrew Hoggard,9/9/2024,2:00 PM - 3:30 PM,2:00 PM,3:30 PM,MSD Animal Health Innovation Site,ATTEND,Biosecurity,Wellington,,MSD Animal Health Innovation Staff,
Andrew Hoggard,7/10/2024,2:30 PM - 4:30 PM,2:30 PM,4:30 PM,Mt Cook Alpine Salmon Farm Visit,ATTEND,Food Safety,Twizel,,Mt Cook Alpine Salmon Farm Representatives,
Andrew Hoggard,6/12/2024,1:30 PM - 4:00 PM,1:30 PM,4:00 PM,Mystery Creek Fieldays,ATTEND,Associate Agriculture,Mystery Creek,,Event Attendees,
Andrew Hoggard,6/14/2024,8:00 AM - 9:30 AM,8:00 AM,9:30 AM,Mystery Creek Fieldays,ATTEND,Associate Agriculture,Mystery Creek,,Event Attendees,
Andrew Hoggard,6/14/2024,2:00 PM - 3:30 PM,2:00 PM,3:30 PM,Mystery Creek Fieldays,ATTEND,Associate Agriculture,Mystery Creek,,Event Attendees,
Andrew Hoggard,6/12/2024,7:10 AM - 7:55 AM,7:10 AM,7:55 AM,Mystery Creek Fieldays Official Opening Ceremony,ATTEND,Associate Agriculture,Mystery Creek,,Event Attendess,
Andrew Hoggard,9/17/2024,6:00 PM - 7:10 PM,6:00 PM,7:10 PM,National Day of Chile Reception,ATTEND,Ministerial,Wellington,,Attendees,
Andrew Hoggard,7/10/2024,8:15 AM - 10:00 AM,8:15 AM,10:00 AM,National Wallaby Eradication Programme,ATTEND,Biosecurity,McKenzie District,,Attendees,
Andrew Hoggard,9/25/2024,5:30 PM - 8:30 PM,5:30 PM,8:30 PM,New Zealand and NASA Function,ATTEND,Ministerial,Wellington,,Attendees,
Andrew Hoggard,5/11/2024,5:30 PM - 11:00 PM,5:30 PM,11:00 PM,NZ Dairy Industry Awards,ATTEND,Associate Agriculture,Queenstown,,Event Attendees,
Andrew Hoggard,7/30/2024,5:30 PM - 9:30 PM,5:30 PM,9:30 PM,NZ Pork Conference Dinner,ATTEND,Associate Agriculture,Wellington,,Dinner Attendees,
Andrew Hoggard,6/13/2024,6:00 PM - 7:30 PM,6:00 PM,7:30 PM,Official Dinner with Chinese Deligation,ATTEND,Ministerial,Government House,,Multiple Ministers & Chinese Delegation,
Andrew Hoggard,7/3/2024,11:50 AM - 12:30 PM,11:50 AM,12:30 PM,Participate on Panel at Primary Industries Summit- Genetic Modification,ATTEND,Minister,Wellington,,Conference Attendees,
Andrew Hoggard,7/2/2024,4:00 PM - 7:00 PM,4:00 PM,7:00 PM,PINZ Conference,ATTEND,Minister,Wellington,,Conference Attendees,
Andrew Hoggard,7/2/2024,7:00 PM - 10:00 PM,7:00 PM,10:00 PM,Primary Industry Awards Gala Dinner,ATTEND,Minister,Wellington,,Dinner Attendees,
Andrew Hoggard,6/12/2024,12:00 PM - 1:30 PM,12:00 PM,1:30 PM,Primary Leaders Luncheon,ATTEND,Associate Agriculture,Mystery Creek,,Event Attendees,
Andrew Hoggard,6/21/2024,11:45 AM - 12:45 PM,11:45 AM,12:45 PM,Primary Production Estimates Hearing,ATTEND,Biosecurity,Parliament Buildings,,Select Committee Members,
Andrew Hoggard,6/21/2024,1:15 PM - 2:45 PM,1:15 PM,2:45 PM,Primary Production Estimates Hearing,ATTEND,Associate Agriculture & Food Safety,Parliament Buildings,,Select Committee Members,
Andrew Hoggard,6/25/2024,6:00 PM - 7:30 PM,6:00 PM,7:30 PM,Saunders Unsworth Function,ATTEND,Ministerial,Wellington,,Event Attendees,
Andrew Hoggard,4/4/2024,11:30 AM - 12:30 PM,11:30 AM,12:30 PM,Shed Meeting,ATTEND,Ministerial,Taranaki,,Event Attendees,
Andrew Hoggard,4/9/2024,6:00 PM - 7:30 PM,6:00 PM,7:30 PM,Speaker's Science Forum on Rāapa,ATTEND,Ministerial,Parliament Buildings,,Event Attendees,
Andrew Hoggard,10/3/2024,9:30 AM - 12:00 PM,9:30 AM,12:00 PM,Sunpork,ATTEND,Associate Agriculture,Canterbury,,Attendees,
Andrew Hoggard,10/22/2024,5:30 PM - 7:15 PM,5:30 PM,7:15 PM,Sustainable Business Council,ATTEND,Associate Environment,Wellington,,Attendees,
Andrew Hoggard,10/3/2024,12:20 PM - 1:30 PM,12:20 PM,1:30 PM,Synlait - Tour of the Plant,ATTEND,Food Safety,Canterbury,,Attendees,
Andrew Hoggard,8/1/2024,10:30 AM - 12:00 PM,10:30 AM,12:00 PM,Te Arawa River Iwi-Crown Accord Ministerial Forum,ATTEND,Associate Environment,Wellington,,Attendees,
Andrew Hoggard,5/15/2024,11:00 AM - 12:00 PM,11:00 AM,12:00 PM,Te Whare Ra Winery,ATTEND,Biosecurity,Marlborough,,NZWC Vineyards Representatives,
Andrew Hoggard,5/10/2024,11:30 AM - 1:00 PM,11:30 AM,1:00 PM,Tutaenui Sub-Catchment Meeting,ATTEND,Associate Environment,Marton,,Tutaenui Sub- Catchment Representatives,
Andrew Hoggard,6/21/2024,9:30 AM - 11:30 AM,9:30 AM,11:30 AM,Vote Environment Estimates Hearing,ATTEND,Associate Environment,Parliament Buildings,,Select Committee Members,
Andrew Hoggard,7/10/2024,10:15 AM - 11:00 AM,10:15 AM,11:00 AM,Wallaby Partnerships,ATTEND,Biosecurity,McKenzie District,,Attendees,
Andrew Hoggard,7/10/2024,11:00 AM - 12:15 PM,11:00 AM,12:15 PM,Wilding Conifer presentations and discussion with partner agencies / groups,ATTEND,Biosecutiry,McKenzie District,,Attendees,
Andrew Hoggard,7/10/2024,12:45 PM - 1:45 PM,12:45 PM,1:45 PM,Wilding Conifer viewing,ATTEND,Biosecurity,McKenzie District,,Attendees,
Andrew Hoggard,10/9/2024,2:00 PM - 3:30 PM,2:00 PM,3:30 PM,Wilding Pine Summit,ATTEND,Biosecurity,Marlborough,,Attendees,
Andrew Hoggard,7/10/2024,8:00 AM - 8:15 AM,8:00 AM,8:15 AM,Wilding Visit - ECAN Representatives,ATTEND,Biosecurity,Twizel,,ECAN Representatives,
Andrew Hoggard,4/22/2024,10:00 AM - 11:30 AM,10:00 AM,11:30 AM,Woolshed Meeting,ATTEND,Associate Agriculture,Piopio,,Event Attendees,
Andrew Hoggard,4/24/2024,2:15 PM - 3:45 PM,2:15 PM,3:45 PM,Woolshed Meeting,ATTEND,Associate Agriculture,Fordell,,Event Attendees,
Andrew Hoggard,5/10/2024,2:00 PM - 3:00 PM,2:00 PM,3:00 PM,Woolshed Meeting,ATTEND,Associate Agriculture,Kiwitea,,Event Attendees & MP Suze Redmayne,Suze Redmayne
Andrew Hoggard,4/22/2024,2:00 PM - 3:00 PM,2:00 PM,3:00 PM,Woolstore Meeting,ATTEND,Associate Agriculture,Te Kuiti,,Event Attendees,
Andrew Hoggard,4/8/2024,5:30 PM - 9:30 PM,5:30 PM,9:30 PM,Biosecurity Awards,ATTEND & SPEECH,Biosecurity,Parliament Buildings,,Event Attendees,
Andrew Hoggard,9/18/2024,11:00 AM - 12:00 PM,11:00 AM,12:00 PM,FSANZ Board Meeting,ATTEND & SPEECH,Food Safethy,Wellington,,Attendees,
Andrew Hoggard,8/29/2024,6:00 PM - 9:30 PM,6:00 PM,9:30 PM,Horticulture New Zealand Gala Dinner and Awards,ATTEND & SPEECH,All,Tauranga,,Attendees,
Andrew Hoggard,7/5/2024,11:15 AM - 12:45 PM,11:15 AM,12:45 PM,Land for Life Partnership,ATTEND & SPEECH,Associate Environment,"Elsthorpe, Hawke's Bay",,Attendees,
Andrew Hoggard,9/24/2024,11:45 AM - 12:20 PM,11:45 AM,12:20 PM,QEII CONFERENCE,ATTEND & SPEECH,Associate Environment,Wellington,,Attendees,
Andrew Hoggard,8/26/2024,2:00 PM - 3:15 PM,2:00 PM,3:15 PM,ATTEND/SPEAK- Rural Leaders Global Food Security Programme,ATTEND & SPEECH,Associate Environment,Christchurch,,Conference Attendees,
Andrew Hoggard,5/8/2024,9:00 AM - 10:30 AM,9:00 AM,10:30 AM,Cabinet Commitee,CABINET COMMITTEE,Ministerial,Parliament Buildings,,Multiple Ministers,
Andrew Hoggard,7/31/2024,9:00 AM - 10:30 AM,9:00 AM,10:30 AM,Cabinet Committee,CABINET COMMITTEE,Minister,Wellington,,Multi Ministers,
Andrew Hoggard,6/4/2024,3:00 PM - 4:00 PM,3:00 PM,4:00 PM,Cabinet Committee,CABINET COMMITTEE,Ministerial,Parliament Buildings,,Multiple Ministers,
Andrew Hoggard,6/19/2024,9:00 AM - 10:30 AM,9:00 AM,10:30 AM,Cabinet Committee,CABINET COMMITTEE,Ministerial,Parliament Buildings,,Multiple Ministers,
Andrew Hoggard,6/26/2024,9:00 AM - 10:30 AM,9:00 AM,10:30 AM,Cabinet Committee,CABINET COMMITTEE,Ministerial,Parliament Buildings,,Multiple Ministers,
Andrew Hoggard,6/27/2024,9:30 AM - 10:00 AM,9:30 AM,10:00 AM,Cabinet Committee,CABINET COMMITTEE,Ministerial,Parliament Buildings,,Multiple Ministers,
Andrew Hoggard,5/1/2024,9:00 AM - 10:30 AM,9:00 AM,10:30 AM,Cabinet Committee,CABINET COMMITTEE,Ministerial,Parliament Buildings,,Multiple Ministers,
Andrew Hoggard,5/2/2024,9:30 AM - 10:00 AM,9:30 AM,10:00 AM,Cabinet Committee,CABINET COMMITTEE,Ministerial,Parliament Buildings,,Multiple Ministers,
Andrew Hoggard,5/22/2024,9:00 AM - 10:30 AM,9:00 AM,10:30 AM,Cabinet Committee,CABINET COMMITTEE,Ministerial,Parliament Buildings,,Multiple Ministers,
Andrew Hoggard,5/23/2024,9:30 AM - 10:30 AM,9:30 AM,10:30 AM,Cabinet Committee,CABINET COMMITTEE,Ministerial,Parliament Buildings,,Multiple Ministers,
Andrew Hoggard,5/29/2024,9:00 AM - 10:30 AM,9:00 AM,10:30 AM,Cabinet Committee,CABINET COMMITTEE,Ministerial,Parliament Buildings,,Multiple Ministers,
Andrew Hoggard,8/6/2024,12:00 PM - 12:30 PM,12:00 PM,12:30 PM,Cabinet Committee,CABINET COMMITTEE,Ministerial,Wellington,,Committee Members,
Andrew Hoggard,8/7/2024,9:00 AM - 10:30 AM,9:00 AM,10:30 AM,Cabinet Committee,CABINET COMMITTEE,Ministerial,Wellington,,Committee Members,
Andrew Hoggard,8/28/2024,9:00 AM - 10:30 AM,9:00 AM,10:30 AM,Cabinet Committee,CABINET COMMITTEE,Ministerial,Wellington,,Committee Members,
Andrew Hoggard,10/16/2024,9:00 AM - 10:30 AM,9:00 AM,10:30 AM,Cabinet Committee,CABINET COMMITTEE,Ministerial,Wellington,,Ministers,
Andrew Hoggard,10/23/2024,9:00 AM - 10:30 AM,9:00 AM,10:30 AM,Cabinet Committee,CABINET COMMITTEE,Ministerial,Wellington,,Ministers,
Andrew Hoggard,9/11/2024,9:00 AM - 10:30 AM,9:00 AM,10:30 AM,Cabinet Committee,CABINET COMMITTEE,Ministerial,Welington,,Attendees,
Andrew Hoggard,9/17/2024,12:00 PM - 12:30 PM,12:00 PM,12:30 PM,Cabinet Committee,CABINET COMMITTEE,Ministerial,Wellington,,Attendees,
Andrew Hoggard,9/18/2024,9:00 AM - 10:30 AM,9:00 AM,10:30 AM,Cabinet Committee,CABINET COMMITTEE,Ministerial,Wellington,,Attendees,
Andrew Hoggard,9/25/2024,9:00 AM - 10:25 AM,9:00 AM,10:25 AM,Cabinet Committee,CABINET COMMITTEE,Ministerial,Wellington,,Attendees,
Andrew Hoggard,8/27/2024,12:00 PM - 12:30 PM,12:00 PM,12:30 PM,Cabinet Committee,CABINET COMMITTEE,Ministerial,Wellington,,Attendees,
Andrew Hoggard,10/15/2024,12:00 PM - 12:30 PM,12:00 PM,12:30 PM,Cabinet Committee,CABINET COMMITTEE,Ministerial,Wellington,,Ministers,
Andrew Hoggard,7/1/2024,1:00 PM - 2:15 PM,1:00 PM,2:15 PM,Cabinet Committee,CABINET COMMITTEE,Minister,Online,,Multi Ministers,
Andrew Hoggard,4/9/2024,11:30 AM - 12:30 AM,11:30 AM,12:30 AM,Cabinet Committee,CABINET COMMITTEE,Ministerial,Parliament Buildings,,Multiple Ministers,
Andrew Hoggard,4/10/2024,9:00 AM - 10:30 AM,9:00 AM,10:30 AM,Cabinet Committee,CABINET COMMITTEE,Ministerial,Parliament Buildings,,Multiple Ministers,
Andrew Hoggard,4/22/2024,3:00 PM - 4:00 PM,3:00 PM,4:00 PM,Cabinet Committee,CABINET COMMITTEE,Ministerial,Parliament Buildings,,Multiple Ministers,
Andrew Hoggard,4/30/2024,4:00 PM - 4:30 PM,4:00 PM,4:30 PM,Cabinet Committee,CABINET COMMITTEE,Ministerial,Parliament Buildings,,Event Attendees,
Andrew Hoggard,7/16/2024,5:00 PM - 5:30 PM,5:00 PM,5:30 PM,"with Assistant Minister Kearney, Australia",CALL,Food Safety,Phone Call,,Assistant Minister Kearney,Kearney
Andrew Hoggard,10/21/2024,6:00 PM - 8:00 PM,6:00 PM,8:00 PM,BBQ with Local Farmers,EVENT,Associate Agriculture,Southland,,"Todd Stephenson MP, Attendees",Todd Stephenson
Andrew Hoggard,9/16/2024,5:30 PM - 7:30 PM,5:30 PM,7:30 PM,Meat Industry Association Function,EVENT,Ministerial,Wellington,,Attendees,
Andrew Hoggard,7/1/2024,4:00 PM - 4:30 PM,4:00 PM,4:30 PM,Executive Council,EXECUTIVE COUNCIL,Minister,Online,,Multi Ministers,
Andrew Hoggard,6/5/2024,6:00 PM - 6:45 PM,6:00 PM,6:45 PM,7 Days,MEDIA,Ministerial,Auckland,,7 Days Representatives,
Andrew Hoggard,6/12/2024,11:30 AM - 12:00 PM,11:30 AM,12:00 PM,Dominic George,MEDIA,Ministerial,Mystery Creek,,Dominic George,Dominic George
Andrew Hoggard,6/26/2024,10:45 AM - 11:00 AM,10:45 AM,11:00 AM,Interview with Andy Thompson,MEDIA,Ministerial,Parliament Buildings,,Andy Thompson,Andy Thompson
Andrew Hoggard,6/27/2024,12:10 PM - 12:25 PM,12:10 PM,12:25 PM,Interview with Bennedict Collins,MEDIA,Ministerial,Parliament Buildings,,Bennedict Collins,Bennedict Collins
Andrew Hoggard,8/5/2024,3:00 PM - 3:20 PM,3:00 PM,3:20 PM,Interview with Heather du Plessis-Allan,MEDIA,Food Safety,Wellington,,Heather du Plessis- Asllan,Heather du Plessis- Asllan
Andrew Hoggard,10/9/2024,3:45 PM - 3:50 PM,3:45 PM,3:50 PM,"Interview with Jo Grigg, REX Rural Exchange Podcast",MEDIA,Biosecurity,Blenheim,,Jo Grigg,Jo Grigg
Andrew Hoggard,6/26/2024,8:00 AM - 8:15 AM,8:00 AM,8:15 AM,Interview with Lucy Craymer,MEDIA,Ministerial,Parliament Buildings,,Lucy Cramer,Lucy Cramer
Andrew Hoggard,9/6/2024,12:30 PM - 1:00 PM,12:30 PM,1:00 PM,"Interview with Paul Brennan, Reality Check Radio",MEDIA,Environment,Phone,,Paul Brennan,Paul Brennan
Andrew Hoggard,8/8/2024,10:05 AM - 10:20 AM,10:05 AM,10:20 AM,Interview with Sky News Australia,MEDIA,Food Safety,Wellington,,Sky News Australia,
Andrew Hoggard,7/29/2024,9:30 AM - 9:45 AM,9:30 AM,9:45 AM,"Interview with Tom Pullar-Strecker, The Post",MEDIA,Food Safety,Wellington,,Tom Pullar-Strecker,Tom Pullar-Strecker
Andrew Hoggard,5/6/2024,5:05 PM - 5:15 PM,5:05 PM,5:15 PM,Leah Panapa,MEDIA,Ministerial,Parliament Buildings,,Leah Panapa,Leah Panapa
Andrew Hoggard,8/6/2024,5:10 PM - 5:20 PM,5:10 PM,5:20 PM,Leah Panapa,MEDIA,Fod Safety,Wellington,,Leah Panapa,Leah Panapa
Andrew Hoggard,4/18/2024,8:00 AM - 8:30 AM,8:00 AM,8:30 AM,Mediaworks Interview,MEDIA,Ministerial,Phone Call,,Dominic George,Dominic George
Andrew Hoggard,4/29/2024,3:00 PM - 3:30 PM,3:00 PM,3:30 PM,NZ Herald,MEDIA,Associate Agriculture,Phone Call,,NZ Herald,
Andrew Hoggard,8/6/2024,11:45 AM - 11:50 AM,11:45 AM,11:50 AM,Phone Interview Riely Kennedy - Newsdesk,MEDIA,All,Wellington,,Riely Kennedy,Riely Kennedy
Andrew Hoggard,8/9/2024,11:00 AM - 11:10 AM,11:00 AM,11:10 AM,"Phone Interview with Dan Moskovitz, Chief Reporter, Salient, Victoria University",MEDIA,Biosecurity,Phone,,Dan Moskovitz,Dan Moskovitz
Andrew Hoggard,9/23/2024,10:05 AM - 10:15 AM,10:05 AM,10:15 AM,"Phone Interview with Dom George, REX",MEDIA,Biosecurity,Phone,,Dom George,Dom George
Andrew Hoggard,9/19/2024,3:15 PM - 3:25 PM,3:15 PM,3:25 PM,"Phone Interview with Eric Frickberg, Interest.co.nz",MEDIA,Associate Environment,Phone,,Eric Frickberg,Eric Frickberg
Andrew Hoggard,7/22/2024,6:35 PM - 6:45 PM,6:35 PM,6:45 PM,Phone interview with Heather du Plessis-Allan,MEDIA,Food Safety,Phone Call,,Heather du Plessis- Allan,Heather du Plessis- Allan
Andrew Hoggard,8/6/2024,11:40 AM - 11:45 AM,11:40 AM,11:45 AM,Phone Interview with Jamie McKay,MEDIA,Associate Agriculture,Wellington,,Jamie McKay,Jamie McKay
Andrew Hoggard,8/20/2024,5:30 PM - 5:40 PM,5:30 PM,5:40 PM,Phone Interview with Leah Panapa of The Platform,MEDIA,Associate Agriculture,Phone,,Leah Panapa,Leah Panapa
Andrew Hoggard,8/9/2024,11:15 AM - 11:30 AM,11:15 AM,11:30 AM,Phone Interview with Lois Williams,MEDIA,Associate Environment,Phone,,Lois Williams,Lois Williams
Andrew Hoggard,9/11/2024,10:45 AM - 11:15 AM,10:45 AM,11:15 AM,Phone Interview with Michael Laws,MEDIA,Associate Agriculture,Phone,,Michael Laws,Michael Laws
Andrew Hoggard,8/21/2024,12:30 PM - 12:40 PM,12:30 PM,12:40 PM,"Phone Interview with Michelle Duff, The Guardian",MEDIA,Biosecurity,Phone,,Michelle Duff,Michelle Duff
Andrew Hoggard,9/27/2024,1:30 PM - 1:40 PM,1:30 PM,1:40 PM,Phone Interview with RNZ,MEDIA,Associate Agriculture,Phone,,Interview,
Andrew Hoggard,5/20/2024,4:00 PM - 4:15 PM,4:00 PM,4:15 PM,Platform Interview,MEDIA,Ministerial,Parliament Buildings,,Platform,
Andrew Hoggard,4/11/2024,3:30 PM - 4:00 PM,3:30 PM,4:00 PM,Radio NZ,MEDIA,Ministerial,Parliament Buildings,,Giles Dexter,Giles Dexter
Andrew Hoggard,4/10/2024,3:00 PM - 3:15 PM,3:00 PM,3:15 PM,RNZ,MEDIA,Associate Agriculture,Phone,,Sally Murphey,Sally Murphey
Andrew Hoggard,6/14/2024,11:00 AM - 11:30 AM,11:00 AM,11:30 AM,Rural & Dairy News Editor,MEDIA,Ministerial,Mystery Creek,,Sudesh Kissun,Sudesh Kissun
Andrew Hoggard,4/15/2024,3:00 PM - 3:30 PM,3:00 PM,3:30 PM,Rural Round Up,MEDIA,Ministerial,Phone Call,,Andy Thompson,Andy Thompson
Andrew Hoggard,6/14/2024,12:45 PM - 1:15 PM,12:45 PM,1:15 PM,Rural Round Up,MEDIA,Associate Agriculture,Mystery Creek,,Andy Thompson,Andy Thompson
Andrew Hoggard,8/21/2024,12:00 PM - 12:15 PM,12:00 PM,12:15 PM,"TEAMS interview with Tamara Hooper, Farm Weekly, Perth",MEDIA,Associate Agriculture,Video Conference,,Tamara Hooper,Tamara Hooper
Andrew Hoggard,6/20/2024,7:00 AM - 7:10 AM,7:00 AM,7:10 AM,The Platform,MEDIA,Ministerial,Parliament Buildings,,Sean Plunkett,Sean Plunkett
Andrew Hoggard,6/19/2024,1:30 PM - 1:40 PM,1:30 PM,1:40 PM,TV One,MEDIA,Biosecurity,Parliament Buildings,,TV One Representative,
Andrew Hoggard,10/17/2024,4:10 PM - 4:40 PM,4:10 PM,4:40 PM,Zoom with Farmer Time,MEDIA,Ministerial,Videoconference,,Attendees,
Andrew Hoggard,5/24/2024,1:00 PM - 1:45 PM,1:00 PM,1:45 PM,Otiwhiti Station Representative,MEET,Associate Agriculture,Hunterville,,Charles Duncan,Charles Duncan
Andrew Hoggard,5/27/2024,2:30 PM - 3:00 PM,2:30 PM,3:00 PM,Agribusiness Global Head,MEET,Associate Agriculture,Parliament Buildings,,Ian Proudfoot,Ian Proudfoot
Andrew Hoggard,4/12/2024,11:00 AM - 11:30 AM,11:00 AM,11:30 AM,"All Mayors, and CEs from Rural and Provincial from around NZ",MEET,Associate Environment,Wellington,,Multiple Mayors & CEs,
Andrew Hoggard,7/25/2024,2:00 PM - 3:30 PM,2:00 PM,3:30 PM,"Andrew Steele, Drector - Retail, Food & Beverages, GS1 & Jenny Keegan, Head of Retail & Product Portfolio Delivery, Woolworths",MEET,Food Safety,Adelaide,,Andrew Steel & Jenny Keegan,Andrew Steel; Jenny Keegan
Andrew Hoggard,10/15/2024,8:30 AM - 9:00 AM,8:30 AM,9:00 AM,Aotearoa Circle,MEET,Biosecurity,Wellington,,"Aotearoa Circle (Vicki Watson, CEO)",Vicki Watson
Andrew Hoggard,5/9/2024,10:00 AM - 10:30 AM,10:00 AM,10:30 AM,Associate Agriculture Officials,MEET,Associate Agriculture,Parliament Buildings,,MPI Officials,
Andrew Hoggard,10/15/2024,5:30 PM - 6:00 PM,5:30 PM,6:00 PM,Australia and New Zealand Beverage Council,MEET,Food Safety,Wellington,,Co-Chair NZ Beverages Council & Head of Corporate Affairs Australian Beverages Council,
Andrew Hoggard,4/4/2024,1:00 PM - 2:30 PM,1:00 PM,2:30 PM,Ballance Representatives,MEET,Associate Environment,Kapuni,,Ballance Representatives,
Andrew Hoggard,6/6/2024,3:30 PM - 4:30 PM,3:30 PM,4:30 PM,Bay of Plenty Regional Council,MEET,Associate Environment,Papamoa,,Event Attendees,
Andrew Hoggard,5/30/2024,11:10 AM - 11:40 AM,11:10 AM,11:40 AM,Beef & Lamb NZ Representatives,MEET,Associate Environment,Parliament Buildings,,Beef & Lamb NZ Representatives,
Andrew Hoggard,6/19/2024,10:45 AM - 11:15 AM,10:45 AM,11:15 AM,Bioecurity Officials,MEET,Biosecurity,Parliament Buildings,,MPI Officials,
Andrew Hoggard,6/6/2024,9:30 AM - 10:45 AM,9:30 AM,10:45 AM,BOP Regional Council,MEET,Associate Environment,Bay of Plenty,,Event Attendees,
Andrew Hoggard,6/6/2024,11:00 AM - 11:30 AM,11:00 AM,11:30 AM,BOP Regional Council,MEET,Associate Environment,Bay of Plenty,,Event Attendees,
Andrew Hoggard,6/6/2024,8:00 AM - 9:15 AM,8:00 AM,9:15 AM,BOP Regional Council - Waihi Estuary,MEET,Associate Environment,Bay of Plenty,,Event Attendees,
Andrew Hoggard,5/29/2024,5:30 PM - 6:00 PM,5:30 PM,6:00 PM,CH4 Global CEO,MEET,Food Safety,Parliament Buildings,,Steve Mellor,Steve Mellor
Andrew Hoggard,10/29/2024,12:00 PM - 1:00 PM,12:00 PM,1:00 PM,Charlie Duncan,MEET,Associate Agriculture,Palmerston North,,"Charlie Duncan, Officials",Charlie Duncan; Charlie Duncan
Andrew Hoggard,6/21/2024,1:00 PM - 2:00 PM,1:00 PM,2:00 PM,Co-Chair of Caulerpa Advisory Group,MEET,Biosecurity,Auckland,,Nicola MacDonald,Nicola MacDonald
Andrew Hoggard,5/15/2024,10:00 AM - 10:50 AM,10:00 AM,10:50 AM,Constellation Vineyard,MEET,Biosecurity,Marlborough,,NZWC Vineyards Representatives,
Andrew Hoggard,5/28/2024,5:15 PM - 6:30 PM,5:15 PM,6:30 PM,Crown-Iwi Accord with Tūwharetoa Māori Trust Board w/ Multiple Ministers,MEET,Associate Environment,Parliament Buildings,,"Crown-Iwi Accord, Tūwharetoa Māori Trust Board & Multiple Ministers",
Andrew Hoggard,9/10/2024,6:30 AM - 7:30 AM,6:30 AM,7:30 AM,Dairy NZ Board Members,MEET,Biosecurity,Wellington,,"Tracey Brown, Jim Van der Poel & Chris Lewis",Tracey Brown; Jim Van der Poel; Chris Lewis
Andrew Hoggard,5/31/2024,11:00 AM - 11:30 AM,11:00 AM,11:30 AM,Danone Representatives,MEET,Food Safety,Microsoft Teams Meeting,,Maria Venetoulis & Melanie Pauga,Maria Venetoulis; Melanie Pauga
Andrew Hoggard,6/27/2024,7:00 AM - 8:00 AM,7:00 AM,8:00 AM,Dr William Rolleston,MEET,Ministerial,Wellington,,Dr William Roleston,William Roleston; William Rolleston
Andrew Hoggard,5/22/2024,4:45 PM - 5:15 PM,4:45 PM,5:15 PM,Edwin Perry,MEET,Associate Agriculture,Parliament Buildings,,Edwin Perry,Edwin Perry
Andrew Hoggard,7/31/2024,4:45 PM - 5:05 PM,4:45 PM,5:05 PM,Environment,MEET,Associate Environment,Wellington,,Officials,
Andrew Hoggard,5/27/2024,4:00 PM - 4:30 PM,4:00 PM,4:30 PM,Environment Southland Chair and Chief Executive,MEET,Associate Environment,Parliament Buildings,,Nicol Horrell & Wilma Falconer,Nicol Horrell; Wilma Falconer
Andrew Hoggard,4/11/2024,10:00 AM - 10:30 AM,10:00 AM,10:30 AM,Environmental Defence Society Chief Operating Officer,MEET,Associate Environment,Microsoft Teams Meeting,,Shay Schlaepfer,Shay Schlaepfer
Andrew Hoggard,9/10/2024,12:15 PM - 1:00 PM,12:15 PM,1:00 PM,Executive Committee Meeting - Dairy Companies Association of New Zealand,MEET,Food Safety/ Biosecurity,Wellington,,Attendees,
Andrew Hoggard,4/26/2024,4:00 PM - 4:30 PM,4:00 PM,4:30 PM,Federated Farmers Vice President & Southland FF Board Members,MEET,Associate Environment,Microsoft Teams Meeting,,Colin Hurst & Southland FF Board Members,Colin Hurst
Andrew Hoggard,10/23/2024,12:00 PM - 12:30 PM,12:00 PM,12:30 PM,First Fresh NZ Ltd and Dana Kirkpatrick MP,MEET,Biosecurity,Wellington,,"Grant Walsh (CEO, First Fresh NZ) & Dana Kirkpatrick MP",Grant Walsh; Dana Kirkpatrick
Andrew Hoggard,4/29/2024,1:00 PM - 1:30 PM,1:00 PM,1:30 PM,Food & Fibre CoVE General Manager & Chair,MEET,Associate Agriculture,Parliament Buildings,,Paul Hollings & William Beetham,Paul Hollings; William Beetham
Andrew Hoggard,8/8/2024,11:30 AM - 12:00 PM,11:30 AM,12:00 PM,"Forest Owners Association - Elizabeth Heeg, CEO, Brendan Gould, Bio Manager & John Simmons, Bio Committee Chair",MEET,Biosecurity,Wellington,,Forest Owners Association & Officials,Elizabeth Heeg; Brendan Gould; John Simmons
Andrew Hoggard,9/17/2024,4:45 PM - 5:15 PM,4:45 PM,5:15 PM,FSANZ Board NZ Representatives,MEET,Food Safety,Wellington,,Attendees,
Andrew Hoggard,7/2/2024,12:00 PM - 12:30 PM,12:00 PM,12:30 PM,"Glen Neal & Jo Wills, LENZ",MEET,Associate Agriculture,Wellington,,"Glen Neal & Jo Wills, LENZ",Glen Neal; Jo Wills
Andrew Hoggard,5/24/2024,2:30 PM - 4:00 PM,2:30 PM,4:00 PM,Greg Cuttance,MEET,Biosecurity,Manawatu,,Greg Cuttance,Greg Cuttance
Andrew Hoggard,5/9/2024,4:00 PM - 4:45 PM,4:00 PM,4:45 PM,Groundswell Representatives & Mark Cameron,MEET,Associate Environment,Parliament Buildings,,Groundswell Representatives & Mark Cameron,Mark Cameron
Andrew Hoggard,4/30/2024,5:30 PM - 6:00 PM,5:30 PM,6:00 PM,Growing Future Farmers Representatives & Minister Patterson,MEET,Associate Agriculture,Parliament Buildings,,Growing Future Farmers & Minister Patterson,
Andrew Hoggard,9/23/2024,2:30 PM - 3:00 PM,2:30 PM,3:00 PM,"GS1 NZ (Peter Stephens, CEO)",MEET,Food Safetty,Wellington,,"GS1 NZ (Peter Stephens, CEO), Officials",Peter Stephens
Andrew Hoggard,10/16/2024,3:15 PM - 3:45 PM,3:15 PM,3:45 PM,"Helen Anderson, OSPRI",MEET,Biosecurity,Wellington,,Helen Anderson (OSPR),Helen Anderson; Helen Anderson
Andrew Hoggard,6/24/2024,4:00 PM - 4:30 PM,4:00 PM,4:30 PM,"Helen Beattie, Dr Lynn Simpson & Dr John Hellström",MEET,Associate Agriculture,Parliament Buildings,,"Helen Beattie, Dr Lynn Simpson & Dr John Hellström",Helen Beattie; Lynn Simpson; John Hellström
Andrew Hoggard,5/2/2024,10:30 AM - 10:55 AM,10:30 AM,10:55 AM,HelloFresh ANZ CEO & Country Manager,MEET,Food Safety,Parliament Buildings,,Tom Routledge & Claudia BaptistaFernandes,Tom Routledge; Claudia BaptistaFernandes
Andrew Hoggard,6/24/2024,2:00 PM - 2:45 PM,2:00 PM,2:45 PM,"Hon Chris Bishop, Hon Penny Simmonds & Hon Simon Watts",MEET,Associate Environment,Parliament Buildings,,Multiple Ministers,Chris Bishop; Penny Simmonds; Simon Watts
Andrew Hoggard,5/2/2024,7:30 AM - 8:30 AM,7:30 AM,8:30 AM,"Hon Chris Penk, Hon Mark Patterson & Hon Tama Potaka & Victoria University Proffessor",MEET,Associate Agriculture,Parliament Buildings,,"Multi Ministers, MPs, Victoria University Professor & Officials",Chris Penk; Mark Patterson; Tama Potaka
Andrew Hoggard,7/23/2024,4:30 PM - 5:00 PM,4:30 PM,5:00 PM,"Hon Christopher Picton, Minister for Health & Wellbeing, South Australia",MEET,Food Safety,Adelaide,,Minister Picton,Christopher Picton
Andrew Hoggard,7/26/2024,10:00 AM - 10:30 AM,10:00 AM,10:30 AM,"Hon Clare Scriven MLC, Minister for Primary Industries and Regional Development Minister for Forest Industries",MEET,Food Safety,Adelaide,,Hon Clare Scriven MLC,Clare Scriven
Andrew Hoggard,6/25/2024,8:00 PM - 8:30 PM,8:00 PM,8:30 PM,Hon David Seymour & Hon Penny Simmonds,MEET,Food Safety,Parliament Buildings,,"Multiple Ministers, Advisors & Officials",David Seymour; Penny Simmonds
Andrew Hoggard,6/10/2024,3:00 PM - 3:30 PM,3:00 PM,3:30 PM,"Hon David Seymour, Advisors & Officials",MEET,Food Safety,Microsoft Teams Meeting,,"Hon David Seymour, Advisors & Officials",David Seymour
Andrew Hoggard,5/2/2024,4:15 PM - 4:45 PM,4:15 PM,4:45 PM,Hon Ged Kearney,MEET,Food Safety,Video Conference,,Hon Ged Kearney,Ged Kearney
Andrew Hoggard,7/25/2024,7:30 AM - 8:30 AM,7:30 AM,8:30 AM,"Hon Ged Kearney MP, Assistant Minister for Health & Aged Care and Chair of the Food Ministers' Meeting",MEET,Food Safety,Adelaide,,Assistant Minister Kearney,Ged Kearney
Andrew Hoggard,5/20/2024,4:30 PM - 5:00 PM,4:30 PM,5:00 PM,Hon Penny Simmonds & Hon Mark Patterson,MEET,Food Safety,Parliament Buildings,,Multiple Ministers & Officials,Penny Simmonds; Mark Patterson
Andrew Hoggard,5/21/2024,8:45 AM - 9:00 AM,8:45 AM,9:00 AM,Hon Todd McClay,MEET,Associate Environment,Parliament Buildings,,Hon Todd McClay & Officials,Todd McClay
Andrew Hoggard,5/21/2024,9:00 AM - 9:30 AM,9:00 AM,9:30 AM,Hon Todd McClay & Hon Mark Patterson,MEET,Associate Environment,Parliament Buildings,,"Hon Todd McClay, Hon Mark Patterson & Officials",Todd McClay; Mark Patterson
Andrew Hoggard,5/28/2024,9:00 AM - 9:30 AM,9:00 AM,9:30 AM,Hon Todd McClay & Hon Mark Patterson,MEET,Associate Agriculture,Parliament Buildings,,"Hon Todd McClay, Hon Mark Patterson & Officials",Todd McClay; Mark Patterson
Andrew Hoggard,6/25/2024,8:30 AM - 9:00 AM,8:30 AM,9:00 AM,HORTUS Representatives,MEET,Associate Agriculture,Parliament Buildings,,Aaron Jay & Tahu Huntly,Aaron Jay; Tahu Huntly
Andrew Hoggard,8/28/2024,11:30 AM - 12:00 PM,11:30 AM,12:00 PM,HUHA- Carolyn Press-McKenzie & Bronwyn Green,MEET,Associate Agriculture,Wellington,,Huha Attendees & Officials,Carolyn Press-McKenzie; Bronwyn Green
Andrew Hoggard,6/27/2024,3:30 PM - 4:15 PM,3:30 PM,4:15 PM,Independent Chair of the review into the National Pest Management Plan for Bovine Tuberculosis,MEET,Biosecurity,Parliament Buildings,,Helen Anderson,Helen Anderson
Andrew Hoggard,8/8/2024,4:00 PM - 4:30 PM,4:00 PM,4:30 PM,"Malcolm Ellis, Fonterra",MEET,All,Wellington,,Malcolm Ellis & Officials,Malcolm Ellis
Andrew Hoggard,5/13/2024,11:00 AM - 12:00 PM,11:00 AM,12:00 PM,"Margaret Kouvelis, James Nixon & Kain Nixon",MEET,Associate Agriculture,Awahuri,,"Margaret Kouvelis, James Nixon & Kain Nixon",Margaret Kouvelis; James Nixon; Kain Nixon
Andrew Hoggard,7/22/2024,9:30 AM - 10:00 AM,9:30 AM,10:00 AM,"Mark Wynne, Chairman, Alliance Group",MEET,Associate Agriculture,Wellington,,Mark Wynne,Mark Wynne
Andrew Hoggard,7/29/2024,2:00 PM - 2:30 PM,2:00 PM,2:30 PM,"Matt Dolan, CEO & Marie Taylor, Board Chair, NZPPI",MEET,Biosecurity,Wellington,,Matt Dolan & Marie Taylor,Matt Dolan; Marie Taylor
Andrew Hoggard,8/29/2024,10:30 AM - 11:15 AM,10:30 AM,11:15 AM,"Matthew Stone, NAWAC",MEET,Associate Agriculture,Wellington,,Matthew Stone & Officials,Matthew Stone
Andrew Hoggard,6/11/2024,9:30 AM - 10:00 AM,9:30 AM,10:00 AM,MFAT Representative,MEET,Ministerial,Microsoft Teams Meeting,,MFAT Official,
Andrew Hoggard,10/24/2024,11:45 AM - 12:15 PM,11:45 AM,12:15 PM,"Michelle Sands, GM Strategy & Policy and Kate Scott, CE Horticuture NZ",MEET,Associate Environment,Wellington,,"GM Strategy & Policy and Kate Scott (CE, Horticulture NZ)",Michelle Sands; Kate Scott
Andrew Hoggard,4/30/2024,5:00 PM - 5:15 PM,5:00 PM,5:15 PM,Mike Butterick MP,MEET,Ministerial,Parliament Buildings,,Mike Butterick,Mike Butterick
Andrew Hoggard,4/2/2024,5:30 PM - 6:15 PM,5:30 PM,6:15 PM,"Minister Bishop, Minister Simmonds & Minister McClay",MEET,Associate Environment,Teams Meeting,,"Multiple Ministers, Advisors & Officials",Bishop; Simmonds; McClay
Andrew Hoggard,10/22/2024,8:30 PM - 9:00 PM,8:30 PM,9:00 PM,Minister Brown,MEET,Biosecurity,Wellington,,Minister Brown,Brown
Andrew Hoggard,10/22/2024,12:00 PM - 12:30 PM,12:00 PM,12:30 PM,Minister Costello,MEET,Biosecurity,Wellington,,Minister Costello,Costello
Andrew Hoggard,10/25/2024,10:00 AM - 10:40 AM,10:00 AM,10:40 AM,Minister Luo Wen,MEET,Food Safety,Cromwell,,"Minister Luo Wen (China), MPI Officials",Luo Wen
Andrew Hoggard,8/29/2024,12:30 PM - 1:00 PM,12:30 PM,1:00 PM,Minister McClay,MEET,Food Safety,Wellington,,Minister McClay & Officials,McClay
Andrew Hoggard,8/29/2024,12:00 PM - 12:30 PM,12:00 PM,12:30 PM,Minister McClay and Ngāti Kahungunu ki Wairarapa Tāmaki-nui-a-Rua Settlement Trust re Taratahi,MEET,Associate Agriculture,Wellington,,Minister McCLay & Ngāti Kahungunu ki Wairarapa Tāmaki-nui-a Rua Settlement Trust & Officials,McClay
Andrew Hoggard,8/1/2024,3:30 PM - 4:00 PM,3:30 PM,4:00 PM,Minister Patterson & Agricademy,MEET,Associate Agriculture,Wellington,,"Minister Patterson, Alister Shennan, CEO, Agricademy",Alister Shennan
Andrew Hoggard,9/11/2024,3:15 PM - 3:45 PM,3:15 PM,3:45 PM,Minister Patterson & Rob Phillips,MEET,Biosecurity,Wellington,,Minister Patterson & Rob Phillips & Officials,Rob Phillips
Andrew Hoggard,8/7/2024,4:30 PM - 5:00 PM,4:30 PM,5:00 PM,"Minister Patterson, Minister Grigg & Advisor - Minister McClay",MEET,Associate Agriculture,Wellington,,Ministers & Officials,Patterson; Grigg
Andrew Hoggard,9/10/2024,4:45 PM - 5:45 PM,4:45 PM,5:45 PM,"Minister Patterson, Simon Court & West Coast Mayors",MEET,Associate Environment,Wellington,,"Minister Patterson, Simon Court & West Coast Mayors",Simon Court
Andrew Hoggard,8/7/2024,8:00 AM - 8:30 AM,8:00 AM,8:30 AM,Minister Potaka,MEET,Biosecurity,Wellington,,Minister Potaka & Officials,Potaka
Andrew Hoggard,9/24/2024,5:00 PM - 5:30 PM,5:00 PM,5:30 PM,Minister Reti & Minister Potaka,MEET,Biosecurity,Wellington,,Ministers Reti & Potaka & Officials,Reti; Potaka
Andrew Hoggard,8/6/2024,6:00 PM - 6:15 PM,6:00 PM,6:15 PM,Minister Simmonds,MEET,Associate Agriculture,Wellington,,Minister Simmonds & Officials,Simmonds
Andrew Hoggard,9/18/2024,3:15 PM - 3:45 PM,3:15 PM,3:45 PM,Minister Simmonds,MEET,Associate Environment,Wellington,,Minister Simmonds & Officials,Simmonds
Andrew Hoggard,4/18/2024,5:00 PM - 5:20 PM,5:00 PM,5:20 PM,Minister Stanford,MEET,Associate Agriculture,Phone Call,,Minister Stanford,Stanford
Andrew Hoggard,4/10/2024,5:15 PM - 5:45 PM,5:15 PM,5:45 PM,Minister Watts,MEET,Biosecurity,Parliament Buildings,,"Minister Watts, Officials & Advisors",Watts
Andrew Hoggard,8/7/2024,5:15 PM - 5:45 PM,5:15 PM,5:45 PM,Minister Willis,MEET,Biosecurity,Wellington,,Minister Willis & Officials,Willis
Andrew Hoggard,8/27/2024,6:00 PM - 7:00 PM,6:00 PM,7:00 PM,Ministerial Freshwater,MEET,Associate Environment,Wellington,,Ministers & Officials,
Andrew Hoggard,6/27/2024,10:15 AM - 11:00 AM,10:15 AM,11:00 AM,Ministerial Group Meeting,MEET,Ministerial,Parliament Buildings,,Multiple Ministers,
Andrew Hoggard,9/26/2024,11:00 AM - 11:30 AM,11:00 AM,11:30 AM,Ministers Jones and Grigg with Horticulture NZ,MEET,Associate Environment,Welington,,"Ministers Jones, Grigg, Hort NZ & Officials",Jones; Grigg
Andrew Hoggard,8/6/2024,5:30 PM - 6:00 PM,5:30 PM,6:00 PM,Ministers McClay and Simmonds,MEET,Associate Environment,Wellington,,Ministers McClay & Simmonds & Officials,McClay; Simmonds
Andrew Hoggard,8/8/2024,3:00 PM - 3:45 PM,3:00 PM,3:45 PM,"Ministers McClay, Potaka, Watts & Patterson",MEET,Associate Agriculture,Wellington,,Ministers & Officials,McClay; Potaka; Watts; Patterson
Andrew Hoggard,9/24/2024,7:30 PM - 8:15 PM,7:30 PM,8:15 PM,Ministers Seymour & Simmonds,MEET,Food Safety,Wellington,,Ministers Seymour & Simmonds & Officials,Seymour; Simmonds
Andrew Hoggard,10/22/2024,7:30 PM - 8:30 PM,7:30 PM,8:30 PM,Ministers Seymour and Simmonds,MEET,Associate Agriculture,Wellington,,Ministers Seymour & Simmonds,Seymour; Simmonds
Andrew Hoggard,9/26/2024,9:00 AM - 10:00 AM,9:00 AM,10:00 AM,Ministers Upston and Patterson,MEET,Associate Agriculture,Wellington,,"Ministers Upston, Patterson & Officials",Upston; Patterson
Andrew Hoggard,4/18/2024,1:00 PM - 1:15 PM,1:00 PM,1:15 PM,"MoT Acting CE, DIA CEO, MPI CEO and Hon Simeon Brown",MEET,Assoicate Agriculture,Microsoft Teams Meeting,,"David Wood, Paul James, Ray Smith, and Hon Simeon Brown",David Wood; Paul James; Ray Smith; Simeon Brown
Andrew Hoggard,10/24/2024,10:00 AM - 10:30 AM,10:00 AM,10:30 AM,MPI & MFAT Officials,MEET,Food Safety,Wellington,,Officials,
Andrew Hoggard,8/15/2024,8:15 PM - 8:45 PM,8:15 PM,8:45 PM,Multi Ministers,MEET,Food Safety,Phone,,Relevant Ministers,
Andrew Hoggard,4/29/2024,5:15 PM - 6:00 PM,5:15 PM,6:00 PM,Multiple Ministers,MEET,Associate Agriculture,Parliament Buildings,,Multiple Ministers & Advisors,
Andrew Hoggard,6/26/2024,7:45 PM - 8:30 PM,7:45 PM,8:30 PM,Multiple Ministers,MEET,Associate Agriculture,Parliament Buildings,,Multiple Ministers,
Andrew Hoggard,6/27/2024,11:30 AM - 12:00 PM,11:30 AM,12:00 PM,Natural Health Products NZ Government Affairs Director & Capital GR Representative,MEET,Food Safety,Parliament Buildings,,Samantha Gray & Ben Thomas,Samantha Gray; Ben Thomas
Andrew Hoggard,6/26/2024,3:15 PM - 3:45 PM,3:15 PM,3:45 PM,NAWAC Chair,MEET,Associate Agriculture,Parliament Buildings,,Mat Stone,Mat Stone
Andrew Hoggard,7/5/2024,1:30 PM - 3:00 PM,1:30 PM,3:00 PM,Neil Aitken,MEET,Biosecurity,Waipukurau,,Neil Aitken,Neil Aitken
Andrew Hoggard,6/21/2024,9:00 AM - 10:15 AM,9:00 AM,10:15 AM,Ngati Te Ata Representatives & Other Horticulture Representatives,MEET,Associate Environment,Pukekohe,,Ngati Te Ata Representatives,
Andrew Hoggard,4/11/2024,11:30 AM - 12:00 PM,11:30 AM,12:00 PM,"NZ Apples and Pears CEO, Biosecurity Manager & Board Chair",MEET,Associate Agriculture,Parliament Buildings,,"Karen Morrish, Rachel Masters & Lesley Wilson",Karen Morrish; Rachel Masters; Lesley Wilson
Andrew Hoggard,4/10/2024,3:15 PM - 3:45 PM,3:15 PM,3:45 PM,NZ Beef + Lamb Chair & General Manager Policy,MEET,Associate Environment,Parliament Buildings,,Kate Acland & Dave Harrison,Kate Acland; Dave Harrison
Andrew Hoggard,4/8/2024,9:30 AM - 10:00 AM,9:30 AM,10:00 AM,"NZ Beekeeping Inc President, Vice President & Representatives",MEET,Biosecurity,Parliament Buildings,,Jane Lorimer & Cameron Martin,Jane Lorimer; Cameron Martin
Andrew Hoggard,9/26/2024,3:30 PM - 4:00 PM,3:30 PM,4:00 PM,NZ Champions (Trust Executive Director),MEET,Food Safety,Wellington,,NZ Champions (Trust Executive Director) & Officials,
Andrew Hoggard,4/11/2024,4:15 PM - 4:45 PM,4:15 PM,4:45 PM,NZ Fieldays Society CEO,MEET,Associate Agriculture,L1 Library meeting room; Room 013,,Peter Nation,Peter Nation
Andrew Hoggard,5/8/2024,11:30 AM - 12:00 PM,11:30 AM,12:00 PM,NZ Rodeo Cowboys Association,MEET,Associate Agriculture,Parliament Buildings,,NZ Rodeo Cowboys Association Representatives,
Andrew Hoggard,8/8/2024,10:30 AM - 11:00 AM,10:30 AM,11:00 AM,NZPork- Brent Kleiss (CE) & Dr Kirsty Chidgey (Animal Welfare Science Advisor),MEET,Associate Agriculture,Wellington,,NZ Pork Attendees & Officials,Brent Kleiss; Kirsty Chidgey
Andrew Hoggard,5/9/2024,3:30 PM - 4:00 PM,3:30 PM,4:00 PM,Onside Intelligence CEO & Head of Partnerships,MEET,Biosecurity,Parliament Buildings,,Ryan Higgs & Ben Brown,Ryan Higgs; Ben Brown
Andrew Hoggard,10/23/2024,11:00 AM - 11:30 AM,11:00 AM,11:30 AM,Organics Aotearoa NZ & Minister Patterson,MEET,Food Safety,Wellington,,"Tiffany Tompkins (CEO, OANZ) & Minister Patterson",Tiffany Tompkins
Andrew Hoggard,7/5/2024,8:30 AM - 10:00 AM,8:30 AM,10:00 AM,OSPRI - Simon Andrew and local staff,MEET,Biosecurity,Hastings,,Simon Andrew and Staff,Simon Andrew
Andrew Hoggard,5/22/2024,10:30 AM - 11:00 AM,10:30 AM,11:00 AM,Pāmu Farms of NZ- CEO & Digital Officer,MEET,Associate Environment,Parliament Buildings,,Tammy Lemire & Mark Leslie,Tammy Lemire; Mark Leslie
Andrew Hoggard,6/20/2024,8:15 AM - 8:45 AM,8:15 AM,8:45 AM,Parliamentary Commissioner for the Environment Representatives,MEET,Associate Environment,Parliament Buildings,,Simon Upton & Other Representatives,Simon Upton
Andrew Hoggard,5/20/2024,5:00 PM - 5:30 PM,5:00 PM,5:30 PM,"Parliamentary Commissioner for the Environment, Hon Penny Simmonds & Hon Mark Patterson",MEET,Associate Environment,Parliament Buildings,,Simon Upton & Multiple Ministers,Simon Upton; Penny Simmonds; Mark Patterson
Andrew Hoggard,5/6/2024,1:00 PM - 1:30 PM,1:00 PM,1:30 PM,PBB CEO,MEET,Biosecurity,Parliament Buildings,,Harry Faas,Harry Faas
Andrew Hoggard,10/10/2024,10:00 AM - 10:15 AM,10:00 AM,10:15 AM,"Phone call with Councillor Kevin Malcolm, Otago Regional Council",MEET,Associate Environment,Phone,,Councillor Kevin Malcolm,Kevin Malcolm
Andrew Hoggard,8/5/2024,3:45 PM - 4:00 PM,3:45 PM,4:00 PM,Phone meeting with Assistant Minister Kearney,MEET,Food Safety,Wellington,,"Assistant Minister Kearney, Australia",Kearney
Andrew Hoggard,9/12/2024,2:45 PM - 3:30 PM,2:45 PM,3:30 PM,Plant & Food Research,MEET,Ministerial,Palmerston North,,Event Attendees,
Andrew Hoggard,6/6/2024,12:50 PM - 1:00 PM,12:50 PM,1:00 PM,Port of Tauranga,MEET,Biosecurity,Mt Maunganui,,Event Attendees,
Andrew Hoggard,6/6/2024,1:00 PM - 3:00 PM,1:00 PM,3:00 PM,Port of Tauranga Acting CE & GM Property,MEET,Biosecurity,Mt Maunganui,,Simon Kebbell & Dan Kneebone,Simon Kebbell; Dan Kneebone
Andrew Hoggard,6/7/2024,3:10 PM - 3:55 PM,3:10 PM,3:55 PM,Potatoes NZ Chief Executive,MEET,Biosecurity,Tauranga,,Kate Truffit,Kate Truffit
Andrew Hoggard,5/27/2024,10:00 AM - 10:30 AM,10:00 AM,10:30 AM,Poultry Industry of NZ Executive Director,MEET,Biosecurity,Parliament Buildings,,Michael Brooks,Michael Brooks
Andrew Hoggard,8/5/2024,9:30 AM - 10:00 AM,9:30 AM,10:00 AM,Predator Free NZ Trust- Jessi Morgan (CEO),MEET,Biosecurity,Wellington,,"Jessi Morgan, CEO & Officiala",Jessi Morgan
Andrew Hoggard,5/9/2024,10:30 AM - 11:00 AM,10:30 AM,11:00 AM,QCONZ Representatives,MEET,Associate Environment,Parliament Buildings,,Justin Moss & Josh Wheeler,Justin Moss; Josh Wheeler
Andrew Hoggard,6/24/2024,4:45 PM - 5:15 PM,4:45 PM,5:15 PM,QEII National Trust Chief Executive,MEET,Associate Environment,Parliament Buildings,,Dan Coup,Dan Coup; Liz Oliver
Andrew Hoggard,5/22/2024,11:30 AM - 12:00 PM,11:30 AM,12:00 PM,Reconnecting Northland Representatives,MEET,Associate Environment,Parliament Buildings,,Eamon Nathan & Chair Liz Oliver,Eamon Nathan
Andrew Hoggard,4/29/2024,2:00 PM - 2:45 PM,2:00 PM,2:45 PM,Representatives from Multiple Dairy Companies,MEET,Associate Environment,Microsoft Teams Meeting,,Representatives from Multiple Dairy Companies,
Andrew Hoggard,10/23/2024,4:45 PM - 5:15 PM,4:45 PM,5:15 PM,"Richard Barge, Chair, NZIHA",MEET,Food Safety,Wellington,,NZHIA Chair,Richard Barge
Andrew Hoggard,5/2/2024,11:30 AM - 12:00 PM,11:30 AM,12:00 PM,Richard McDowell,MEET,Associate Environment,Parliament Buildings,,Richard McDowell,Richard McDowell
Andrew Hoggard,9/12/2024,10:30 AM - 11:00 AM,10:30 AM,11:00 AM,Rock On and Freyberg High School,MEET,Ministerial,Palmerston North,,Event Attendees,
Andrew Hoggard,7/22/2024,1:00 PM - 1:30 PM,1:00 PM,1:30 PM,SAFE- Debra Ashton (CEO) & Dr. John Hellstrom (Former Chair of NAWAC),MEET,Associate Agriculture,Welklington,,Debra Ashnton and Dr John Hellstrom,
Andrew Hoggard,8/28/2024,4:45 PM - 5:15 PM,4:45 PM,5:15 PM,"Sam McIvor, Chief Executive, OSPRI",MEET,Biosecurity,Wellington,,Sam McIvor & Officials,
Andrew Hoggard,10/24/2024,11:00 AM - 11:30 AM,11:00 AM,11:30 AM,"Samantha Gray, Natural Health Products NZ",MEET,Food Safety,Wellington,,Government Affairs Director (NHPNZ),
Andrew Hoggard,6/26/2024,12:30 PM - 1:15 PM,12:30 PM,1:15 PM,Simon Court & Federated Farmers Representatives,MEET,Associate Environment,Teams Meeting,,Simon Court & Federated Farmers Representatives,
Andrew Hoggard,5/6/2024,2:00 PM - 2:20 PM,2:00 PM,2:20 PM,SNIBG Committee Members,MEET,Biosecurity,Parliament Buildings,,SNIBG Committee Members,
Andrew Hoggard,6/26/2024,11:40 AM - 12:10 PM,11:40 AM,12:10 PM,SPCA Representatives,MEET,Associate Agriculture,Teams Meeting,,SPCA Representatives,
Andrew Hoggard,8/8/2024,9:30 AM - 10:00 AM,9:30 AM,10:00 AM,The Nature Conservancy- Erik Van Eyndhoven (Director of Conservation) & Abbie Reynolds (Country Director),MEET,Associate Environment,Wellington,,Nature Conservancy Attendees & Officials,
Andrew Hoggard,5/23/2024,11:30 AM - 12:00 PM,11:30 AM,12:00 PM,Thriving Southland Chair & Project Lead,MEET,Associate Environment,Parliament Buildings,,Richard Kyte & Jeff Grant,
Andrew Hoggard,7/22/2024,4:30 PM - 5:00 PM,4:30 PM,5:00 PM,Tim Dangan,MEET,Associate Agriculture,Wellington,,Tim Dangan,
Andrew Hoggard,9/11/2024,11:30 AM - 12:00 PM,11:30 AM,12:00 PM,"Tim Montgomery (BVMS), Angelo Vasili, Owner - Randlab NZ Ltd & Stuart Wilson",MEET,Food Safety,Wellington,,"Tim Montgomery, Angelo Vasili & Stuart Wilson & Officials",
Andrew Hoggard,6/7/2024,4:00 PM - 4:45 PM,4:00 PM,4:45 PM,TMBC Co-chairs,MEET,Biosecurity,Tauranga,,Beccy Ganley & Carlton Bidois,
Andrew Hoggard,5/3/2024,1:00 PM - 3:00 PM,1:00 PM,3:00 PM,Trans Tasman Food Ministers' Meeting,MEET,Food Safety,Video Conference,,Event Attendees,
Andrew Hoggard,5/29/2024,3:30 PM - 4:00 PM,3:30 PM,4:00 PM,Transporting NZ & Federated Farmers Representatives,MEET,Associate Agriculture,Parliament Buildings,,Transporting NZ & Federated Farmers Representatives,
Andrew Hoggard,4/10/2024,11:00 AM - 11:30 AM,11:00 AM,11:30 AM,Vetlife Managing Director,MEET,Associate Agriculture,Parliament Buildings,,Dr Adrian Campbell,
Andrew Hoggard,8/6/2024,8:30 AM - 9:00 AM,8:30 AM,9:00 AM,"Wayne Langford, Board President & Paul Melville, GM - Policy & Advocacy, Federated Farmers",MEET,Associate Agriculture,Wellington,,"Wayne Langford & Paul Melville, Federated Farmers & Officials",
Andrew Hoggard,7/29/2024,1:00 PM - 1:30 PM,1:00 PM,1:30 PM,Wayne McNee (CEO) & Deborah Roche (Head of Catalyst) AgriZeroNZ,MEET,Associate Agriculture,Wellington,,Wayne McKee & Deborah Roche,
Andrew Hoggard,7/18/2024,11:30 AM - 2:30 PM,11:30 AM,2:30 PM,Whanganui Region Catchment Meeting,MEET,Associate Environment,Owhango,,Attendees,
Andrew Hoggard,5/9/2024,11:30 AM - 12:00 PM,11:30 AM,12:00 PM,Whangarei AP CEO & Representatives,MEET,Associate Agriculture,Parliament Buildings,,Chris Mason & Wahngarei AP Representatives,
Andrew Hoggard,9/9/2024,9:30 AM - 10:00 AM,9:30 AM,10:00 AM,"with Andrea Leslie, Primary ITO",MEET,Associate Agriculture,Wellington,,"Andrea Lesley, Officials",
Andrew Hoggard,7/1/2024,8:15 AM - 8:45 AM,8:15 AM,8:45 AM,"With Dr Libby Harrison, NZFFSSRC",MEET,Food Safety,Hamilton,,Dr Libby Harrison,
Andrew Hoggard,7/22/2024,3:30 PM - 4:00 PM,3:30 PM,4:00 PM,"Yohan Senaratne, MD of International A2 Milk & Clayton Cosgrove, Director, Cosgrove & Partners",MEET,Food Safety,Wellington,,Yohan Senaratne & Clayton Cosgrove,
Andrew Hoggard,5/29/2024,10:30 AM - 11:00 AM,10:30 AM,11:00 AM,Irrigation NZ & Hon Todd McClay,MEET,Associate Environment,Parliament Buildings,,Irrigation NZ & Hon Todd McClay,
Andrew Hoggard,7/9/2024,2:00 PM - 4:30 PM,2:00 PM,4:30 PM,Manuherekia Catchment Group,MEET,Associate Environment,Otago,,Manuherekia Catchment Group Representatives,
Andrew Hoggard,7/9/2024,11:30 AM - 1:00 PM,11:30 AM,1:00 PM,Meet with Mike Casey - Cherry Orchard,MEET,Minister,Central Otago,,Mike Casey,
Andrew Hoggard,8/7/2024,11:00 AM - 12:00 PM,11:00 AM,12:00 PM,NAWAC & NAEAC Meeting,MEET,Associate Agriculture,Wellington,,Attendees,
Andrew Hoggard,4/11/2024,10:45 AM - 11:15 AM,10:45 AM,11:15 AM,Rabobank CEO & Head of Corporate Affairs,MEET,Associate Environment,Parliament Buildings,,Todd Charteris & Craig Howie,
Andrew Hoggard,7/31/2024,7:00 PM - 8:00 PM,7:00 PM,8:00 PM,RMA Ministerial Group,MEET,Minister,Wellington,,Multi Ministers,
Andrew Hoggard,5/16/2024,7:15 AM - 8:25 AM,7:15 AM,8:25 AM,Waikato Regional Council,Meeting,Associate Environment,Hamilton,,Pamela Storey & Chris McClay,
Andrew Hoggard,9/11/2024,5:00 PM - 6:00 PM,5:00 PM,6:00 PM,Environment Ministers,MEETING,Associate Environment,Wellington,,Multi Ministers & Officialls,
Andrew Hoggard,9/16/2024,9:30 AM - 10:00 AM,9:30 AM,10:00 AM,FSANZ Board Chair and Chief Executive,MEETING,Food Safety,Wellington,,FSANZ Board Chair & Chief Executive,
Andrew Hoggard,7/31/2024,12:00 PM - 12:30 PM,12:00 PM,12:30 PM,Hon Casey Costello,MEETING,Biosecurity,Wellington,,Hon Casey Costello,
Andrew Hoggard,4/10/2024,9:00 PM - 9:15 PM,9:00 PM,9:15 PM,"Minister Doocey, Minister Brown, Minister van Velden & Minister Patterson",MEETING,Associate Agriculture,Parliament Buildings,,"Multiple Ministers, Advisors & Officials",
Andrew Hoggard,4/8/2024,3:20 PM - 3:50 PM,3:20 PM,3:50 PM,Agriculture Officials,OFFICIALS,Agriculture,Parliament Buildings,,MPI Officials,
Andrew Hoggard,4/18/2024,9:30 AM - 9:45 AM,9:30 AM,9:45 AM,Agriculture Officials,OFFICIALS,Associate Agriculture,Microsoft Teams Meeting,,MPI Officials,
Andrew Hoggard,4/18/2024,10:00 AM - 10:30 AM,10:00 AM,10:30 AM,Agriculture Officials,OFFICIALS,Associate Agriculture,Microsoft Teams Meeting,,MPI Officials,
Andrew Hoggard,6/18/2024,3:30 PM - 4:15 PM,3:30 PM,4:15 PM,Agriculture Officials,OFFICIALS,Associate Agriculture,Microsoft Teams Meeting,,MPI Officials,
Andrew Hoggard,6/19/2024,3:25 PM - 3:55 PM,3:25 PM,3:55 PM,Agriculture Officials,OFFICIALS,Associate Agriculture,Parliament Buildings,,MPI Officials,
Andrew Hoggard,6/24/2024,3:20 PM - 3:50 PM,3:20 PM,3:50 PM,Agriculture Officials,OFFICIALS,Associate Agriculture,Parliament Buildings,,MPI Officials,
Andrew Hoggard,6/25/2024,4:45 PM - 5:15 PM,4:45 PM,5:15 PM,Agriculture Officials,OFFICIALS,Associate Agriculture,Parliament Buildings,,MPI Officials,
Andrew Hoggard,5/6/2024,3:20 PM - 3:50 PM,3:20 PM,3:50 PM,Agriculture Officials,OFFICIALS,Associate Agriculture,Parliament Buildings,,MPI Officials,
Andrew Hoggard,5/20/2024,9:45 AM - 10:15 AM,9:45 AM,10:15 AM,Agriculture Officials,OFFICIALS,Associate Agriculture,Parliament Buildings,,MPI Officials,
Andrew Hoggard,5/22/2024,3:00 PM - 3:30 PM,3:00 PM,3:30 PM,Agriculture Officials,OFFICIALS,Associate Agriculture,Parliament Buildings,,MPI Officials,
Andrew Hoggard,5/22/2024,5:20 PM - 5:35 PM,5:20 PM,5:35 PM,Agriculture Officials,OFFICIALS,Associate Agriculture,Parliament Buildings,,MPI Officials,
Andrew Hoggard,5/27/2024,3:45 PM - 4:15 PM,3:45 PM,4:15 PM,Agriculture Officials,OFFICIALS,Associate Agriculture,Parliament Buildings,,MPI Officials,
Andrew Hoggard,4/8/2024,11:40 AM - 12:10 PM,11:40 AM,12:10 PM,Biosecurity Officials,OFFICIALS,Biosecurity,Parliament Buildings,,MPI Officials,
Andrew Hoggard,4/29/2024,11:40 AM - 12:10 PM,11:40 AM,12:10 PM,Biosecurity Officials,OFFICIALS,Biosecurity,Parliament Buildings,,MPI Officials,
Andrew Hoggard,6/17/2024,3:00 PM - 3:30 PM,3:00 PM,3:30 PM,Biosecurity Officials,OFFICIALS,Biosecurity,Microsoft Teams Meeting,,MPI Officials,
Andrew Hoggard,6/19/2024,12:45 PM - 1:15 PM,12:45 PM,1:15 PM,Biosecurity Officials,OFFICIALS,Biosecurity,Parliament Buildings,,MPI Officials,
Andrew Hoggard,6/19/2024,2:15 PM - 2:45 PM,2:15 PM,2:45 PM,Biosecurity Officials,OFFICIALS,Biosecurity,Parliament Buildings,,MPI Officials,
Andrew Hoggard,6/24/2024,11:45 AM - 12:15 PM,11:45 AM,12:15 PM,Biosecurity Officials,OFFICIALS,Biosecurity,Parliament Buildings,,MPI Officials,
Andrew Hoggard,6/26/2024,11:00 AM - 11:30 AM,11:00 AM,11:30 AM,Biosecurity Officials,OFFICIALS,Biosecurity,Parliament Buildings,,MPI Officials,
Andrew Hoggard,5/3/2024,3:00 PM - 4:00 PM,3:00 PM,4:00 PM,Biosecurity Officials,OFFICIALS,Biosecurity,Auckland,,MPI Officials,
Andrew Hoggard,5/6/2024,11:45 AM - 12:15 PM,11:45 AM,12:15 PM,Biosecurity Officials,OFFICIALS,Biosecurity,Parliament Buildings,,MPI Officials,
Andrew Hoggard,5/6/2024,4:00 PM - 5:00 PM,4:00 PM,5:00 PM,Biosecurity Officials,OFFICIALS,Biosecurity,Parliament Buildings,,MPI Officials,
Andrew Hoggard,5/9/2024,9:30 AM - 10:00 AM,9:30 AM,10:00 AM,Biosecurity Officials,OFFICIALS,Biosecurity,Parliament Buildings,,MPI Officials,
Andrew Hoggard,5/20/2024,11:45 AM - 12:15 PM,11:45 AM,12:15 PM,Biosecurity Officials,OFFICIALS,Biosecurity,Parliament Buildings,,MPI Officials,
Andrew Hoggard,5/22/2024,3:30 PM - 4:00 PM,3:30 PM,4:00 PM,Biosecurity Officials,OFFICIALS,Biosecurity,Parliament Buildings,,MPI Officials,
Andrew Hoggard,5/27/2024,11:45 AM - 12:15 PM,11:45 AM,12:15 PM,Biosecurity Officials,OFFICIALS,Biosecurity,Parliament Buildings,,MPI Officials,
Andrew Hoggard,5/8/2024,4:00 PM - 4:30 PM,4:00 PM,4:30 PM,Environment Officials,OFFICIALS,Associate Environment,Parliament Buildings,,MFE Officials,
Andrew Hoggard,7/31/2024,4:00 PM - 4:45 PM,4:00 PM,4:45 PM,Environment Officials,OFFICIALS,Associate Environment,Wellington,,Officials,
Andrew Hoggard,4/10/2024,4:00 PM - 4:45 PM,4:00 PM,4:45 PM,Environment Officials,OFFICIALS,Associate Environment,Parliament Buildings,,MFE Officials,
Andrew Hoggard,6/10/2024,2:00 PM - 2:30 PM,2:00 PM,2:30 PM,Environment Officials,OFFICIALS,Associate Environment,Microsoft Teams Meeting,,MFE Officials,
Andrew Hoggard,6/19/2024,11:30 AM - 12:30 PM,11:30 AM,12:30 PM,Environment Officials,OFFICIALS,Associate Environment,Parliament Buildings,,MFE Officials,
Andrew Hoggard,6/26/2024,5:00 PM - 5:30 PM,5:00 PM,5:30 PM,Environment Officials,OFFICIALS,Associate Environment,Parliament Buildings,,MFE Officials,
Andrew Hoggard,5/1/2024,4:00 PM - 4:30 PM,4:00 PM,4:30 PM,Environment Officials,OFFICIALS,Associate Environment,Parliament Buildings,,MFE Officials,
Andrew Hoggard,5/22/2024,4:00 PM - 4:30 PM,4:00 PM,4:30 PM,Environment Officials,OFFICIALS,Associate Environment,Parliament Buildings,,MFE Officials,
Andrew Hoggard,5/29/2024,4:00 PM - 4:30 PM,4:00 PM,4:30 PM,Environment Officials,OFFICIALS,Associate Environment,Parliament Buildings,,MFE Officials,
Andrew Hoggard,8/7/2024,3:50 PM - 4:20 PM,3:50 PM,4:20 PM,Environment Officials,OFFICIALS,Associate Environment,Wellington,,Environment Officials,
Andrew Hoggard,8/28/2024,3:30 PM - 4:00 PM,3:30 PM,4:00 PM,Environment Officials,OFFICIALS,Associate Environment,Wellington,,Environment Officials,
Andrew Hoggard,10/16/2024,4:00 PM - 4:30 PM,4:00 PM,4:30 PM,Environment Officials,OFFICIALS,Associate Environment,Wellington,,Officials,
Andrew Hoggard,10/24/2024,8:15 AM - 8:45 AM,8:15 AM,8:45 AM,Environment Officials,OFFICIALS,Associate Environment,Wellington,,Officials,
Andrew Hoggard,8/22/2024,2:00 PM - 2:30 PM,2:00 PM,2:30 PM,Environment Officials,OFFICIALS,Associate Environment,Video Conference,,Emvironment Officials,
Andrew Hoggard,8/22/2024,2:30 PM - 3:00 PM,2:30 PM,3:00 PM,Environment Officials,OFFICIALS,Associate Environment,Video Conference,,Environment Officials,
Andrew Hoggard,7/8/2024,10:30 AM - 11:00 AM,10:30 AM,11:00 AM,Environment Officials,OFFICIALS,Associate Environment,Online,,Officials,
Andrew Hoggard,4/8/2024,1:00 PM - 1:30 PM,1:00 PM,1:30 PM,Food Safety Officials,OFFICIALS,Food Safety,Parliament Buildings,,MPI Officials,
Andrew Hoggard,4/8/2024,1:30 PM - 2:30 PM,1:30 PM,2:30 PM,Food Safety Officials,OFFICIALS,Food Safety,Parliament Buildings,,MPI Officials,
Andrew Hoggard,4/29/2024,11:10 AM - 11:30 AM,11:10 AM,11:30 AM,Food Safety Officials,OFFICIALS,Food Safety,Parliament Buildings,,MPI Officials,
Andrew Hoggard,4/29/2024,4:30 PM - 5:10 PM,4:30 PM,5:10 PM,Food Safety Officials,OFFICIALS,Food Safety,Parliament Buildings,,MPI Officials,
Andrew Hoggard,6/18/2024,4:30 PM - 5:00 PM,4:30 PM,5:00 PM,Food Safety Officials,OFFICIALS,Food Safety,Parliament Buildings,,MPI Officials,
Andrew Hoggard,6/19/2024,2:50 PM - 3:20 PM,2:50 PM,3:20 PM,Food Safety Officials,OFFICIALS,Food Safety,Parliament Buildings,,MPI Officials,
Andrew Hoggard,6/24/2024,11:05 AM - 11:35 AM,11:05 AM,11:35 AM,Food Safety Officials,OFFICIALS,Food Safety,Parliament Buildings,,MPI Officials,
Andrew Hoggard,6/24/2024,12:50 PM - 1:50 PM,12:50 PM,1:50 PM,Food Safety Officials,OFFICIALS,Food Safety,Parliament Buildings,,MPI Officials,
Andrew Hoggard,5/6/2024,11:05 AM - 11:35 AM,11:05 AM,11:35 AM,Food Safety Officials,OFFICIALS,Food Safety,Parliament Buildings,,MPI Officials,
Andrew Hoggard,5/6/2024,2:30 PM - 3:00 PM,2:30 PM,3:00 PM,Food Safety Officials,OFFICIALS,Food Safety,Parliament Buildings,,MPI Officials,
Andrew Hoggard,5/13/2024,3:00 PM - 3:30 PM,3:00 PM,3:30 PM,Food Safety Officials,OFFICIALS,Food Safety,Parliament Buildings,,MPI Officials,
Andrew Hoggard,5/20/2024,11:05 AM - 11:35 AM,11:05 AM,11:35 AM,Food Safety Officials,OFFICIALS,Food Safety,Parliament Buildings,,MPI Officials,
Andrew Hoggard,5/27/2024,11:05 AM - 11:35 AM,11:05 AM,11:35 AM,Food Safety Officials,OFFICIALS,Food Safety,Parliament Buildings,,MPI Officials,
Andrew Hoggard,5/29/2024,4:45 PM - 5:15 PM,4:45 PM,5:15 PM,Food Safety Officials,OFFICIALS,Food Safety,Parliament Buildings,,MPI Officials,
Andrew Hoggard,7/22/2024,11:05 AM - 11:35 AM,11:05 AM,11:35 AM,MPI Officials,OFFICIALS,Food Safety,Wellington,,Officials,
Andrew Hoggard,7/22/2024,11:45 AM - 12:15 PM,11:45 AM,12:15 PM,MPI Officials,OFFICIALS,Biosecurity,Wellington,,Officials,
Andrew Hoggard,7/22/2024,1:30 PM - 2:00 PM,1:30 PM,2:00 PM,MPI Officials,OFFICIALS,Associate Agriculture & Biosecurity,Wellington,,Officials,
Andrew Hoggard,7/30/2024,8:00 AM - 8:45 AM,8:00 AM,8:45 AM,MPI Officials,OFFICIALS,Biosecurity,Wellington,,Officials,
Andrew Hoggard,8/5/2024,11:10 AM - 12:40 PM,11:10 AM,12:40 PM,MPI Officials,OFFICIALS,"Biosecurity, Associate Environment & Associate Agriculture",Wellington,,MPI Officials,
Andrew Hoggard,8/6/2024,4:40 PM - 5:10 PM,4:40 PM,5:10 PM,MPI Officials,OFFICIALS,Associate Agriculture,Wellington,,MPI Officials,
Andrew Hoggard,8/7/2024,3:10 PM - 3:50 PM,3:10 PM,3:50 PM,MPI Officials,OFFICIALS,Associate Agriculture,Wellingtgon,,MPI Officials,
Andrew Hoggard,8/8/2024,9:00 AM - 9:30 AM,9:00 AM,9:30 AM,MPI Officials,OFFICIALS,Associate Agriculture,Wellington,,MPI Officials,
Andrew Hoggard,8/28/2024,8:00 AM - 8:30 AM,8:00 AM,8:30 AM,MPI Officials,OFFICIALS,Food Safety,Wellington,,MPI Officials,
Andrew Hoggard,8/28/2024,10:45 AM - 11:15 AM,10:45 AM,11:15 AM,MPI Officials,OFFICIALS,Food Safety,Wellington,,MPI Officials,
Andrew Hoggard,10/16/2024,11:00 AM - 12:25 PM,11:00 AM,12:25 PM,MPI Officials,OFFICIALS,"Biosecurity, Food Safety & Associate Agricutlure",Wellington,,Officials,
Andrew Hoggard,10/16/2024,4:30 PM - 5:00 PM,4:30 PM,5:00 PM,MPI Officials,OFFICIALS,Food Safety,Wellington,,Officials,
Andrew Hoggard,10/17/2024,9:00 AM - 9:45 AM,9:00 AM,9:45 AM,MPI Officials,OFFICIALS,Associate Agriculture,Wellington,,Officials,
Andrew Hoggard,10/17/2024,10:45 AM - 11:30 AM,10:45 AM,11:30 AM,MPI Officials,OFFICIALS,Biosecurity,Wellington,,Officials,
Andrew Hoggard,10/24/2024,9:00 AM - 10:00 AM,9:00 AM,10:00 AM,MPI Officials,OFFICIALS,Food Safety & Biosecurity,Wellington,,Officials,
Andrew Hoggard,9/9/2024,4:30 PM - 5:00 PM,4:30 PM,5:00 PM,MPI Officials,OFFICIALS,Biosecurity,Wellington,,Officials,
Andrew Hoggard,9/9/2024,5:00 PM - 5:30 PM,5:00 PM,5:30 PM,MPI Officials,OFFICIALS,Food Safety & Biosecurity,Wellington,,Officials,
Andrew Hoggard,9/10/2024,4:10 PM - 4:40 PM,4:10 PM,4:40 PM,MPI Officials,OFFICIALS,Biosecurity,Wellington,,Officials,
Andrew Hoggard,9/16/2024,11:10 AM - 12:40 PM,11:10 AM,12:40 PM,MPI Officials,OFFICIALS,"Biosecurity, Food Safety & Associate Agriculture",Wellington,,Officials,
Andrew Hoggard,9/23/2024,11:10 AM - 12:40 PM,11:10 AM,12:40 PM,MPI Officials,OFFICIALS,"Biosecurity, Food Safety & Associate Agriculture",Wellington,,Officials,
Andrew Hoggard,9/23/2024,4:00 PM - 5:00 PM,4:00 PM,5:00 PM,MPI Officials,OFFICIALS,Biosecurity,Wellington,,Officials,
Andrew Hoggard,9/26/2024,10:15 AM - 10:45 AM,10:15 AM,10:45 AM,MPI Officials,OFFICIALS,Associate Agriculture,Wellington,,Officials,
Andrew Hoggard,9/26/2024,11:45 AM - 12:15 PM,11:45 AM,12:15 PM,MPI Officials,OFFICIALS,Biosecurity,Wellington,,Officials,
Andrew Hoggard,7/1/2024,2:30 PM - 2:45 PM,2:30 PM,2:45 PM,MPI Officials,OFFICIALS,Biosecurity,Wellington,,Officials,
Andrew Hoggard,8/23/2024,12:00 PM - 12:45 PM,12:00 PM,12:45 PM,MPI Officials,OFFICIALS,Associate Agriculture,Video Conference,,MPI Officials,
Andrew Hoggard,7/8/2024,9:00 AM - 9:30 AM,9:00 AM,9:30 AM,MPI Officials,OFFICIALS,Associate Agriculture,Online,,Officials,
Andrew Hoggard,7/8/2024,9:45 AM - 10:15 AM,9:45 AM,10:15 AM,MPI Officials,OFFICIALS,Biosecurity,Online,,Officials,
Andrew Hoggard,7/8/2024,11:15 AM - 11:45 AM,11:15 AM,11:45 AM,MPI Officials,OFFICIALS,Food Safety,Online,,Officials,
Andrew Hoggard,7/8/2024,3:00 PM - 3:30 PM,3:00 PM,3:30 PM,MPI Officials,OFFICIALS,Associate Agriculture,Online,,Officials,
Andrew Hoggard,7/16/2024,9:00 AM - 9:30 AM,9:00 AM,9:30 AM,MPI Officials,OFFICIALS,Biosecurity,Online,,Officials,
Andrew Hoggard,7/16/2024,9:30 AM - 10:00 AM,9:30 AM,10:00 AM,MPI Officials,OFFICIALS,Biosecurity,Online,,Officials,
Andrew Hoggard,7/16/2024,3:30 PM - 4:30 PM,3:30 PM,4:30 PM,MPI Officials,OFFICIALS,Food Safety,Online,,Officials,
Andrew Hoggard,7/29/2024,11:10 AM - 12:40 PM,11:10 AM,12:40 PM,MPI Officials Meetings,OFFICIALS,"Food Safety, Biosecurity, Associate Agriculture",Wellington,,Officials,
Andrew Hoggard,8/26/2024,8:50 AM - 10:20 AM,8:50 AM,10:20 AM,MPI Officials Meetings,OFFICIALS,"Biosecurity, Food Safety & Associate Agriculture",Wellington,,MPI Officials,
Andrew Hoggard,9/9/2024,11:10 AM - 12:40 PM,11:10 AM,12:40 PM,MPI Officials Meetings,OFFICIALS,"Biosecurity, Food Safety & Associate Agriculture",Wellington,,Officials,
Andrew Hoggard,9/11/2024,4:00 PM - 4:30 PM,4:00 PM,4:30 PM,Officials,OFFICIALS,Associate Environment,Wellington,,Officials,
Andrew Hoggard,9/16/2024,1:00 PM - 2:00 PM,1:00 PM,2:00 PM,Officials,OFFICIALS,Associate Environment,Wellington,,Officials,
Andrew Hoggard,9/16/2024,4:45 PM - 5:15 PM,4:45 PM,5:15 PM,Officials,OFFICIALS,Associate Environment,Wellington,,Officials,
Andrew Hoggard,9/19/2024,11:00 AM - 11:30 AM,11:00 AM,11:30 AM,Officials,OFFICIALS,Biosecurity,Wellington,,Officials,
Andrew Hoggard,9/23/2024,9:30 AM - 10:00 AM,9:30 AM,10:00 AM,Officials,OFFICIALS,Food Safety,Wellington,,Officials,
Andrew Hoggard,9/25/2024,4:00 PM - 4:30 PM,4:00 PM,4:30 PM,Officials,OFFICIALS,Associate Environment,Wellington,,Officials,
Andrew Hoggard,9/16/2024,3:30 PM - 4:00 PM,3:30 PM,4:00 PM,Officials,OFFICIALS,Biosecurity,Wellington,,Officials,
Andrew Hoggard,6/14/2024,1:30 PM - 2:00 PM,1:30 PM,2:00 PM,Federated Farmers Advocacy Hub,SPEECH,Associate Environment,Mystery Creek,,Event Attendees,
Andrew Hoggard,4/12/2024,9:30 AM - 10:00 AM,9:30 AM,10:00 AM,Local Government NZ,SPEECH,Associate Environment,Wellington,,Event Attendees,
Andrew Hoggard,6/20/2024,6:00 PM - 10:00 PM,6:00 PM,10:00 PM,National Sustainability Showcase,SPEECH,Associate Agriculture,Hamilton,,Event Attendees,
Andrew Hoggard,7/30/2024,5:00 PM - 5:30 PM,5:00 PM,5:30 PM,NZ Pork Conference,SPEECH,Associate Agriculture,Wellington,,Conference Attendees,
Andrew Hoggard,5/1/2024,11:00 AM - 12:00 PM,11:00 AM,12:00 PM,NZ Shearing Contractors Association,SPEECH,Associate Agriculture,Wellington,,Event Attendees,
Andrew Hoggard,5/30/2024,10:00 AM - 10:25 AM,10:00 AM,10:25 AM,NZFS Leaders,SPEECH,Food Safety,Parliament Buildings,,Event Attendees,
Andrew Hoggard,5/16/2024,8:45 AM - 9:45 AM,8:45 AM,9:45 AM,NZPPI Conference 2024,SPEECH,Biosecurity,Hamilton,,Event Attendees,
Andrew Hoggard,7/1/2024,8:45 AM - 10:00 AM,8:45 AM,10:00 AM,Opening NZ Food Safety & Science Research Centre Symposium,SPEECH,Food Safety,Hamilton,,Symposium Attendees,
Andrew Hoggard,6/18/2024,11:30 AM - 1:00 PM,11:30 AM,1:00 PM,Rural Contractors NZ Conference,SPEECH,Associate Agriculture,Masterton,,Event Attendees,
Andrew Hoggard,5/15/2024,1:30 PM - 3:15 PM,1:30 PM,3:15 PM,Woolshed Meeting with Federated Farmers and locals,SPEECH,Agriculture,Blenheim,,Event Attendees,
Andrew Hoggard,7/8/2024,6:00 PM - 7:00 PM,6:00 PM,7:00 PM,Haynes Creek Catchment Group Meeting,SPEECH & ATTEND,Minister,Feilding,,Attendees,
Andrew Hoggard,9/24/2024,4:40 PM - 4:50 PM,4:40 PM,4:50 PM,Biosecurity Business Pledge AGM,TEAMS MEET,Biosecurity,Videoconference,,Attendees,
Andrew Hoggard,10/17/2024,3:30 PM - 3:50 PM,3:30 PM,3:50 PM,"Dr Meg Vardy, Genevieve Mora, Kahlia McDougall & Megan Tombs",TEAMS MEET,Food Safety,Videoconference,,Attendees,
Andrew Hoggard,10/18/2024,12:00 PM - 1:00 PM,12:00 PM,1:00 PM,Environment Ministers (Australia & NZ),TEAMS MEET,Biosecurity,Videoconference,,Australia & NZ Ministers,
Andrew Hoggard,10/1/2024,8:00 AM - 8:30 AM,8:00 AM,8:30 AM,Ministerial,TEAMS MEET,Biosecurity,Videoconference,,Minister Brown,
Andrew Hoggard,7/19/2024,5:00 PM - 5:45 PM,5:00 PM,5:45 PM,FSANZ,TEAMS MEET,Food Safety,Online,,FSANZ Representatives,
Andrew Hoggard,7/29/2024,4:00 PM - 4:30 PM,4:00 PM,4:30 PM,He Tātai Rangahua FFYN,TEAMS MEET,Associate Agriculture,Online,,He Tātai Rangahua FFYN Representatives,
Andrew Hoggard,7/8/2024,1:30 PM - 2:00 PM,1:30 PM,2:00 PM,Hon Casey Costello,TEAMS MEET,Food Safety,Online,,Hon Casey Costello,
Andrew Hoggard,7/8/2024,2:00 PM - 2:35 PM,2:00 PM,2:35 PM,Hon Shane Reti and Hon Casey Costello,TEAMS MEET,Food Safety,Online,,Hon Shane Reti & Hon Casey Costello,
Andrew Hoggard,7/1/2024,5:50 PM - 6:05 PM,5:50 PM,6:05 PM,Hon Simeon Brown,TEAMS MEET,Biosecurity,Teams Meeting,,Hon Simeon Brown,
Andrew Hoggard,7/31/2024,8:30 PM - 9:00 PM,8:30 PM,9:00 PM,Infant Nutrition Council,TEAMS MEET,Food Safety,Online,,Infant Nutrition Council Representatives,
Andrew Hoggard,7/1/2024,2:45 PM - 3:15 PM,2:45 PM,3:15 PM,Northland Regional Council,TEAMS MEET,Biosecurity,Microsoft Teams Meeting,,Northland Regional Council Representatives,
Andrew Hoggard,7/2/2024,9:15 AM - 9:45 AM,9:15 AM,9:45 AM,"Raewyn Bleakley, CE & Donnell Alexamder, H&R Manager, NZ Food & Grocery",TEAMS MEET,Food Safety,Online,,NZ Food & Grocery & Officials,
Andrew Hoggard,10/1/2024,10:45 AM - 1:15 PM,10:45 AM,1:15 PM,Farm Tour,TOUR,Environment,Rangitikei,,Attendees,
Andrew Hoggard,10/31/2024,2:00 PM - 2:45 PM,2:00 PM,2:45 PM,Ag Tech,VISIT,Ministerial,Pukemoremore,,Event Attendees,
Andrew Hoggard,9/12/2024,2:15 PM - 2:45 PM,2:15 PM,2:45 PM,Country Kindy,VISIT,Ministerial,Palmerston North,,Event Attendees,
Andrew Hoggard,4/4/2024,10:00 AM - 11:00 AM,10:00 AM,11:00 AM,Farm Visit,VISIT,All,Taranaki,,Event Attendees,
Andrew Hoggard,6/21/2024,10:45 AM - 12:00 PM,10:45 AM,12:00 PM,Farm Visit,VISIT,Associate Agriculture,Patumahoe,,Event Attendees,
Andrew Hoggard,10/21/2024,10:45 AM - 6:00 PM,10:45 AM,6:00 PM,Farm Visits,VISIT,Associate Agriculture,Southland,,"Todd Stephenson MP, Attendees",
Andrew Hoggard,10/31/2024,4:00 PM - 5:30 PM,4:00 PM,5:30 PM,Matamata Chamber of Commerce,VISIT,Ministerial,Matamata,,Event Attendees,
Andrew Hoggard,5/27/2024,12:45 PM - 1:45 PM,12:45 PM,1:45 PM,MFE Officials,VISIT,Associate Environment,Parliament Buildings,,Wellington,
Andrew Hoggard,9/12/2024,9:30 AM - 10:15 AM,9:30 AM,10:15 AM,Novolabs,VISIT,Ministerial,Palmerston North,,Event Attendees,
Andrew Hoggard,9/12/2024,11:00 AM - 12:00 PM,11:00 AM,12:00 PM,Palmerston North Boys' High School,VISIT,Ministerial,Palmerston North,,Event Attendees,
Andrew Hoggard,10/31/2024,,,,St Joseph's Catholic School,VISIT,Ministerial,Morrinsville,,Event Attendees,
Andrew Hoggard,10/31/2024,10:35 AM - 11:45 AM,10:35 AM,11:45 AM,Waiorongomai Valley Farms,VISIT,Ministerial,Morrinsville,,Event Attendees,
Andrew Hoggard,10/30/2024,10:00 AM - 12:30 PM,10:00 AM,12:30 PM,Visit by Members of German Food and Agriculture Committee,VISIT,Associate Agriculture,Palmerston North,,German Parliamentary Delegation,